id,name,code,account_type,chart_template_id/id,reconcile
lb_10,رأس المال,10,equity,l10n_lb.lb_chart_template_standard,FALSE
lb_101,رأس المال ( للشركة أو للشخص),101,equity,l10n_lb.lb_chart_template_standard,FALSE
lb_10110,رأس المال المكتتب غير المستدعى,10110,equity,l10n_lb.lb_chart_template_standard,FALSE
lb_10120,"رأس المال المكتتب، المستدعى وغير المدفوع",10120,equity,l10n_lb.lb_chart_template_standard,FALSE
lb_10130,"رأس المال المكتتب، المستدعى والمدفوع",10130,equity,l10n_lb.lb_chart_template_standard,FALSE
lb_102,علاوات اصدار واندماج والمقدمات,102,equity,l10n_lb.lb_chart_template_standard,FALSE
lb_10210,علاوات اصدار,10210,equity,l10n_lb.lb_chart_template_standard,FALSE
lb_10220,علاوات اندماج,10220,equity,l10n_lb.lb_chart_template_standard,FALSE
lb_10230,علاوات المقدمات,10230,equity,l10n_lb.lb_chart_template_standard,FALSE
lb_10240,علاوات تحول السندات الى أسھم,10240,equity,l10n_lb.lb_chart_template_standard,FALSE
lb_103,فروقات إعادة التخمين,103,equity,l10n_lb.lb_chart_template_standard,FALSE
lb_10310,فروقات إعادة تخمين الأصول الثابتة الغير قابلة للإستھلاك,10310,equity,l10n_lb.lb_chart_template_standard,FALSE
lb_10350,فروقات إعادة تخمين الأصول الثابتة القابلة للإستھلاك,10350,equity,l10n_lb.lb_chart_template_standard,FALSE
lb_109,الحساب الشخصي لصاحب المؤسسة,109,equity,l10n_lb.lb_chart_template_standard,FALSE
lb_10910,الحساب الشخصي لصاحب المؤسسة,10910,equity,l10n_lb.lb_chart_template_standard,FALSE
lb_10920,نتائج سابقة مدورة - أرباح,10920,equity,l10n_lb.lb_chart_template_standard,FALSE
lb_10930,نتائج سابقة مدورة - خسائر,10930,equity,l10n_lb.lb_chart_template_standard,FALSE
lb_11,الإحتياطيات,11,equity,l10n_lb.lb_chart_template_standard,FALSE
lb_111,إحتاطي قانوني,111,equity,l10n_lb.lb_chart_template_standard,FALSE
lb_112,إحتاطيات نظامية وتعاقدية,112,equity,l10n_lb.lb_chart_template_standard,FALSE
lb_119,إحتياطيات أخرى,119,equity,l10n_lb.lb_chart_template_standard,FALSE
lb_12,نتائج سابقة مدورة,12,equity,l10n_lb.lb_chart_template_standard,FALSE
lb_121,نتائج سابقة مدورة دائنة,121,equity,l10n_lb.lb_chart_template_standard,FALSE
lb_12110,نتائج سابقة مدورة - أرباح,12110,equity,l10n_lb.lb_chart_template_standard,FALSE
lb_12120,تعديلات على نتائج سابقة مدورة - أرباح,12120,equity,l10n_lb.lb_chart_template_standard,FALSE
lb_125,نتائج سابقة مدورة مدينة,125,equity,l10n_lb.lb_chart_template_standard,FALSE
lb_12510,نتائج سابقة مدورة - خسائر,12510,equity,l10n_lb.lb_chart_template_standard,FALSE
lb_12520,تعديلات على نتائج سابقة مدورة - خسائر,12520,equity,l10n_lb.lb_chart_template_standard,FALSE
lb_13,النتيجة الصافية للدورة المالية ( ربح أو خسارة),13,equity,l10n_lb.lb_chart_template_standard,FALSE
lb_131,الھامش التجاري القائم,131,equity,l10n_lb.lb_chart_template_standard,FALSE
lb_132,القيمة المضافة,132,equity,l10n_lb.lb_chart_template_standard,FALSE
lb_133,الفائض غير الصافي للإستثمار,133,equity,l10n_lb.lb_chart_template_standard,FALSE
lb_134,نتيجة استثمار ( خارج اعباء والإيرادات المالية),134,equity,l10n_lb.lb_chart_template_standard,FALSE
lb_135,النتيجة الجارية قبل الضريبة,135,equity,l10n_lb.lb_chart_template_standard,FALSE
lb_136,النتيجة خارج الإستثمار,136,equity,l10n_lb.lb_chart_template_standard,FALSE
lb_138,نتيجة الدورة - أرباح,138,equity,l10n_lb.lb_chart_template_standard,FALSE
lb_13811,نتيجة الدورة - أرباح,13811,equity,l10n_lb.lb_chart_template_standard,FALSE
lb_13813,ربح اعادة التخمن,13813,equity,l10n_lb.lb_chart_template_standard,FALSE
lb_139,نتيجة الدورة - خسائر,139,equity,l10n_lb.lb_chart_template_standard,FALSE
lb_14,إعانات للتوظيفات,14,equity,l10n_lb.lb_chart_template_standard,FALSE
lb_141,إعانات التوظيفات المقبوضة,141,equity,l10n_lb.lb_chart_template_standard,FALSE
lb_14111,إعانات للتوظيف من الشركاء,14111,equity,l10n_lb.lb_chart_template_standard,FALSE
lb_145,إعانات للتوظيفات محولة للنتائج,145,equity,l10n_lb.lb_chart_template_standard,FALSE
lb_15,مؤونات لمواجھة أخطار وأعباء,15,equity,l10n_lb.lb_chart_template_standard,FALSE
lb_151,مؤونات لمواجھة أخطار,151,equity,l10n_lb.lb_chart_template_standard,FALSE
lb_15110,مؤونات للمنازعات والإحتمالات المختلفة,15110,equity,l10n_lb.lb_chart_template_standard,FALSE
lb_15120,مؤونات لقاء الضمانات المعطاة للزبائن,15120,equity,l10n_lb.lb_chart_template_standard,FALSE
lb_15130,مؤونات خسائر سعر الصرف,15130,equity,l10n_lb.lb_chart_template_standard,FALSE
lb_15140,مؤونات خسائر على عقود لأجل,15140,equity,l10n_lb.lb_chart_template_standard,FALSE
lb_15150,مؤونات الغرامات والجزاءات,15150,equity,l10n_lb.lb_chart_template_standard,FALSE
lb_15180,مؤونات لمواجھة أخطار أخرى غير جائز تنزيلھا ضربيياً,15180,equity,l10n_lb.lb_chart_template_standard,FALSE
lb_15190,مؤونات لمواجھة أخطار أخرى جائز تنزيلھا ضريبياً,15190,equity,l10n_lb.lb_chart_template_standard,FALSE
lb_155,مؤونات لمواجھة أعباء,155,equity,l10n_lb.lb_chart_template_standard,FALSE
lb_15510,مؤونات الأعباء الواجب توزيعھا على عدة دورات مالية,15510,equity,l10n_lb.lb_chart_template_standard,FALSE
lb_15520,مؤونات لمواجھة معاشات التقاعد والموجبات المماثلة,15520,equity,l10n_lb.lb_chart_template_standard,FALSE
lb_15530,مؤونات للضرائب,15530,equity,l10n_lb.lb_chart_template_standard,FALSE
lb_15540,مؤونة لدفع تعويض صرف من الخدمة,15540,equity,l10n_lb.lb_chart_template_standard,FALSE
lb_15550,مؤونة تعويضات طوارئ العمل,15550,equity,l10n_lb.lb_chart_template_standard,FALSE
lb_15560,مؤونة لمواجھة خسائر الديون عند إعلان الإفلاس,15560,equity,l10n_lb.lb_chart_template_standard,FALSE
lb_15570,مؤونة لمواجھة خسائر الديون المشكوك بتحصيلھا,15570,equity,l10n_lb.lb_chart_template_standard,FALSE
lb_15590,مؤونات لمواجھة أعباء أخرى,15590,equity,l10n_lb.lb_chart_template_standard,FALSE
lb_16,ديون مالية طويلة ومتوسطة الأجل,16,equity,l10n_lb.lb_chart_template_standard,FALSE
lb_161,قروض لقاء سندات دين,161,equity,l10n_lb.lb_chart_template_standard,FALSE
lb_162,قروض من مؤسسات التسيلف,162,equity,l10n_lb.lb_chart_template_standard,FALSE
lb_168,قروض وديون مختلفة,168,equity,l10n_lb.lb_chart_template_standard,FALSE
lb_16810,أوراق دفع ناجمة عن شراء المؤسسة التجارية,16810,equity,l10n_lb.lb_chart_template_standard,FALSE
lb_16820,ودائع وكفالات,16820,equity,l10n_lb.lb_chart_template_standard,FALSE
lb_16830,سلفات الدولة,16830,equity,l10n_lb.lb_chart_template_standard,FALSE
lb_16840,دخل لمدى الحاة,16840,equity,l10n_lb.lb_chart_template_standard,FALSE
lb_16890,ديون أخرى طويلة ومتوسطة الأجل,16890,equity,l10n_lb.lb_chart_template_standard,FALSE
lb_18,حسابات إرتباط المؤسسات والفروع والشركات المشاركة,18,equity,l10n_lb.lb_chart_template_standard,FALSE
lb_181,حسابات إرتباط المؤسسات والفروع والشركات المشاركة,181,equity,l10n_lb.lb_chart_template_standard,FALSE
lb_18110,رصيد مدور,18110,equity,l10n_lb.lb_chart_template_standard,FALSE
lb_18150,حركات الدورة المالية,18150,equity,l10n_lb.lb_chart_template_standard,FALSE
lb_186,الأموال والخدمات المتبادلة بين الفروع ( أعباء),186,equity,l10n_lb.lb_chart_template_standard,FALSE
lb_187,الأموال والخدمات المتبادلة بين الفروع ( إيرادات),187,equity,l10n_lb.lb_chart_template_standard,FALSE
lb_21,الأصول الثابتة الغير مادية,21,asset_fixed,l10n_lb.lb_chart_template_standard,FALSE
lb_211,"المؤسسة التجارية ( الخلو، الشھرة، الزبائن ...)",211,asset_fixed,l10n_lb.lb_chart_template_standard,FALSE
lb_21110,"المؤسسة التجارية المدفوعة قيمتھا ( الخلو، الشھرة)",21110,asset_fixed,l10n_lb.lb_chart_template_standard,FALSE
lb_21120,"المؤسسة التجارية الغير مدفوعة قيمتھا ( الخلو، الشھرة)",21120,asset_fixed,l10n_lb.lb_chart_template_standard,FALSE
lb_212,مصاريف التأسيس,212,asset_fixed,l10n_lb.lb_chart_template_standard,FALSE
lb_213,مصاريف البحوث والتطوير,213,asset_fixed,l10n_lb.lb_chart_template_standard,FALSE
lb_214,براءات الإختراع - الإجازات - العلامات والقيم المماثلة,214,asset_fixed,l10n_lb.lb_chart_template_standard,FALSE
lb_219,أصول ثابتة غير مادية أخرى,219,asset_fixed,l10n_lb.lb_chart_template_standard,FALSE
lb_21910,أصول ثابتة غير مادية أخرى,21910,asset_fixed,l10n_lb.lb_chart_template_standard,FALSE
lb_21980,سلفات ودفعات على حساب تقديم أصول ثابتة غير مادية,21980,asset_fixed,l10n_lb.lb_chart_template_standard,FALSE
lb_22,الأصول الثابتة المادية,22,asset_fixed,l10n_lb.lb_chart_template_standard,FALSE
lb_221,الأراضي,221,asset_fixed,l10n_lb.lb_chart_template_standard,FALSE
lb_22110,الأراضي الفراغ,22110,asset_fixed,l10n_lb.lb_chart_template_standard,FALSE
lb_22120,الأراضي المبنية,22120,asset_fixed,l10n_lb.lb_chart_template_standard,FALSE
lb_22130,"الأراضي برسم استثمار الجوفي (مناجم، مقالع ...)",22130,asset_fixed,l10n_lb.lb_chart_template_standard,FALSE
lb_22140,إستصلاح وتنظيم الأراضي,22140,asset_fixed,l10n_lb.lb_chart_template_standard,FALSE
lb_223,الأبنية,223,asset_fixed,l10n_lb.lb_chart_template_standard,FALSE
lb_22310,الأبنية,22310,asset_fixed,l10n_lb.lb_chart_template_standard,FALSE
lb_22320,التجھيزات العامة - إستصح وتنظيم الأبنية,22320,asset_fixed,l10n_lb.lb_chart_template_standard,FALSE
lb_22330,"إنشاءات البنية التحتية ( سدود، مدارج المطارات ...)",22330,asset_fixed,l10n_lb.lb_chart_template_standard,FALSE
lb_22340,إنشاءات على أراضي الغير,22340,asset_fixed,l10n_lb.lb_chart_template_standard,FALSE
lb_224,"التجھيزات الفنية، والآلات الصناعية",224,asset_fixed,l10n_lb.lb_chart_template_standard,FALSE
lb_22410,تجھيزات متخصصة,22410,asset_fixed,l10n_lb.lb_chart_template_standard,FALSE
lb_22420,تجھيزات ذات طبيعة خاصة,22420,asset_fixed,l10n_lb.lb_chart_template_standard,FALSE
lb_22430,المعدات الصناعية,22430,asset_fixed,l10n_lb.lb_chart_template_standard,FALSE
lb_22440,الأدوات الصناعية,22440,asset_fixed,l10n_lb.lb_chart_template_standard,FALSE
lb_225,آليات النقل,225,asset_fixed,l10n_lb.lb_chart_template_standard,FALSE
lb_226,اصول ثابتة مادية اخرى,226,asset_fixed,l10n_lb.lb_chart_template_standard,FALSE
lb_22610,"تجھيزات عامة، إستصلاحات وتحسينات مختلفة",22610,asset_fixed,l10n_lb.lb_chart_template_standard,FALSE
lb_22620,أدوات مكتبية ومعلوماتية,22620,asset_fixed,l10n_lb.lb_chart_template_standard,FALSE
lb_22630,أثاث,22630,asset_fixed,l10n_lb.lb_chart_template_standard,FALSE
lb_22640,إستثمارات زراعية,22640,asset_fixed,l10n_lb.lb_chart_template_standard,FALSE
lb_22650,عبوات قابلة لإعادة الإستعمال,22650,asset_fixed,l10n_lb.lb_chart_template_standard,FALSE
lb_22690,أصول ثابتة مادية أخرى,22690,asset_fixed,l10n_lb.lb_chart_template_standard,FALSE
lb_227,أصول ثابتة مادية قيد الصنع,227,asset_fixed,l10n_lb.lb_chart_template_standard,FALSE
lb_22710,أراضي,22710,asset_fixed,l10n_lb.lb_chart_template_standard,FALSE
lb_22730,أبنية,22730,asset_fixed,l10n_lb.lb_chart_template_standard,FALSE
lb_22740,"تجھيزات فنية ، معدات وأدوات صناعية",22740,asset_fixed,l10n_lb.lb_chart_template_standard,FALSE
lb_22750,آليات النقل,22750,asset_fixed,l10n_lb.lb_chart_template_standard,FALSE
lb_22760,أصول ثابتة مادية اخرى,22760,asset_fixed,l10n_lb.lb_chart_template_standard,FALSE
lb_228,سلفات ودفعات على حساب شراء أصول ثابتة مادية,228,asset_fixed,l10n_lb.lb_chart_template_standard,FALSE
lb_25,الأصول الثابتة المالية,25,asset_fixed,l10n_lb.lb_chart_template_standard,FALSE
lb_251,سندات مشاركة,251,asset_fixed,l10n_lb.lb_chart_template_standard,FALSE
lb_252,ذمم مدينة مرتبطة بمشاركات,252,asset_fixed,l10n_lb.lb_chart_template_standard,FALSE
lb_25210,ذمم مدينة مرتبطة بمشاركات محلية,25210,asset_fixed,l10n_lb.lb_chart_template_standard,FALSE
lb_25220,ذمم مدينة مرتبطة بمشاركات أجنبية,25220,asset_fixed,l10n_lb.lb_chart_template_standard,FALSE
lb_253,سندات أخرى مجمدة,253,asset_fixed,l10n_lb.lb_chart_template_standard,FALSE
lb_25310,"سندات ملكية ( أسھم، حصص شراكة)",25310,asset_fixed,l10n_lb.lb_chart_template_standard,FALSE
lb_25350,"سندات دين ( سندات، قسائم)",25350,asset_fixed,l10n_lb.lb_chart_template_standard,FALSE
lb_255,قروض طويلة ومتوسطة اجل,255,asset_fixed,l10n_lb.lb_chart_template_standard,FALSE
lb_25510,قروض للشركاء,25510,asset_fixed,l10n_lb.lb_chart_template_standard,FALSE
lb_25520,قروض المستخدمين,25520,asset_fixed,l10n_lb.lb_chart_template_standard,FALSE
lb_25580,قروض أخرى,25580,asset_fixed,l10n_lb.lb_chart_template_standard,FALSE
lb_259,ذمم مدينة أخرى مجمدة,259,asset_fixed,l10n_lb.lb_chart_template_standard,FALSE
lb_27,فروقات تخمين أصول ثابتة,27,asset_fixed,l10n_lb.lb_chart_template_standard,FALSE
lb_271,فروقات تخمين أصول ثابتة غر قابلة للإستھلاك,271,asset_fixed,l10n_lb.lb_chart_template_standard,FALSE
lb_27100,فروقات إعادة تخمين الخلو و الشھرة المدفوعة قمتھا,27100,asset_fixed,l10n_lb.lb_chart_template_standard,FALSE
lb_27110,فروقات إعادة تخمن الخلو و الشھرة الغير المدفوعة قيمتھا,27110,asset_fixed,l10n_lb.lb_chart_template_standard,FALSE
lb_27120,فروقات إعادة التخمين مصاريف التأسيس,27120,asset_fixed,l10n_lb.lb_chart_template_standard,FALSE
lb_27130,فروقات إعادة التخمين مصاريف البحوث والتطوير,27130,asset_fixed,l10n_lb.lb_chart_template_standard,FALSE
lb_27140,فروقات إعادة التخمين براءات الإختراع و الإجازات و العلامات,27140,asset_fixed,l10n_lb.lb_chart_template_standard,FALSE
lb_27150,فروقات إعادة التخمين سندات مشاركة,27150,asset_fixed,l10n_lb.lb_chart_template_standard,FALSE
lb_27151,فروقات إعادة التخمين ذمم مدينة مرتبطة بمشاركات محلية,27151,asset_fixed,l10n_lb.lb_chart_template_standard,FALSE
lb_27152,فروقات إعادة التخمين ذمم مدينة مرتبطة بمشاركات أجنبية,27152,asset_fixed,l10n_lb.lb_chart_template_standard,FALSE
lb_27153,"فروقات إعادة التخمين - سندات ملكية ( أسھم، حصص شراكة)",27153,asset_fixed,l10n_lb.lb_chart_template_standard,FALSE
lb_27154,"فروقات إعادة التخمين - سندات دين ( سندات، قسائم)",27154,asset_fixed,l10n_lb.lb_chart_template_standard,FALSE
lb_27155,فروقات إعادة التخمين قروض للشركاء,27155,asset_fixed,l10n_lb.lb_chart_template_standard,FALSE
lb_27156,فروقات إعادة التخمين قروض المستخدمين,27156,asset_fixed,l10n_lb.lb_chart_template_standard,FALSE
lb_27157,فروقات إعادة التخمين قروض أخرى,27157,asset_fixed,l10n_lb.lb_chart_template_standard,FALSE
lb_27159,فروقات إعادة التخمين ذمم مدينة أخرى مجمدة,27159,asset_fixed,l10n_lb.lb_chart_template_standard,FALSE
lb_27190,فروقات إعادة تخمين أصول ثابتة مادية أخرى,27190,asset_fixed,l10n_lb.lb_chart_template_standard,FALSE
lb_27220,فروقات إعادة تخمين الأراضي الفراغ,27220,asset_fixed,l10n_lb.lb_chart_template_standard,FALSE
lb_275,فروقات تخمين أصول ثابتة قابلة للإستھلاك,275,asset_fixed,l10n_lb.lb_chart_template_standard,FALSE
lb_27500,فروقات إعادة التخمين الأراضي المبنية,27500,asset_fixed,l10n_lb.lb_chart_template_standard,FALSE
lb_27510,فروقات إعادة التخمين الأراضي برسم الإستثمار الجوفي,27510,asset_fixed,l10n_lb.lb_chart_template_standard,FALSE
lb_27525,فروقات إعادة التخمين آليات النقل,27525,asset_fixed,l10n_lb.lb_chart_template_standard,FALSE
lb_27531,فروقات إعادة التخمين الأبنية,27531,asset_fixed,l10n_lb.lb_chart_template_standard,FALSE
lb_27532,فروقات إعادة التخمين التجھيزات العامة إستصلاح وتنظيم الأبنية,27532,asset_fixed,l10n_lb.lb_chart_template_standard,FALSE
lb_27533,فروقات إعادة التخمين إنشاءات البنية التحتية,27533,asset_fixed,l10n_lb.lb_chart_template_standard,FALSE
lb_27534,فروقات إعادة التخمين إنشاءات على أراضي الغير,27534,asset_fixed,l10n_lb.lb_chart_template_standard,FALSE
lb_27540,فروقات إعادة التخمين إستصلاح وتنظيم الأراضي,27540,asset_fixed,l10n_lb.lb_chart_template_standard,FALSE
lb_27541,تجھيزات متخصصة,27541,asset_fixed,l10n_lb.lb_chart_template_standard,FALSE
lb_27542,تجھيزات ذات طبيعة خاصة,27542,asset_fixed,l10n_lb.lb_chart_template_standard,FALSE
lb_27543,المعدات الصناعية,27543,asset_fixed,l10n_lb.lb_chart_template_standard,FALSE
lb_27544,الأدوات الصناعية,27544,asset_fixed,l10n_lb.lb_chart_template_standard,FALSE
lb_27561,فروقات إعادة التخمين تجھيزات عامة إستصلاحات وتحسينات مختلفة,27561,asset_fixed,l10n_lb.lb_chart_template_standard,FALSE
lb_27562,فروقات إعادة التخمين أدوات مكتبية ومعلوماتية,27562,asset_fixed,l10n_lb.lb_chart_template_standard,FALSE
lb_27563,فروقات إعادة التخمين أثاث,27563,asset_fixed,l10n_lb.lb_chart_template_standard,FALSE
lb_27564,فروقات إعادة التخمين إستثمارات زراعية,27564,asset_fixed,l10n_lb.lb_chart_template_standard,FALSE
lb_27565,فروقات إعادة التخمين عبوات قابلة لإعادة الإستعمال,27565,asset_fixed,l10n_lb.lb_chart_template_standard,FALSE
lb_27569,فروقات إعادة التخمين أصول ثابتة مادية أخرى,27569,asset_fixed,l10n_lb.lb_chart_template_standard,FALSE
lb_27571,فروقات إعادة التخمين أصول ثابتة مادية قد الصنع,27571,asset_fixed,l10n_lb.lb_chart_template_standard,FALSE
lb_27573,فروقات إعادة التخمين الأبنية,27573,asset_fixed,l10n_lb.lb_chart_template_standard,FALSE
lb_27574,"فروقات إعادة التخمين تجھيزات فنية ، معدات وأدوات صناعية",27574,asset_fixed,l10n_lb.lb_chart_template_standard,FALSE
lb_27575,فروقات إعادة التخمين آليات النقل,27575,asset_fixed,l10n_lb.lb_chart_template_standard,FALSE
lb_27576,فروقات إعادة التخمين أصول ثابتة مادية اخرى,27576,asset_fixed,l10n_lb.lb_chart_template_standard,FALSE
lb_28,إستھلاكات الأصول الثابتة,28,asset_fixed,l10n_lb.lb_chart_template_standard,FALSE
lb_280,إستھلاكات المؤسسة التجارية ( الشھرة),280,asset_fixed,l10n_lb.lb_chart_template_standard,FALSE
lb_281,إستھلاكات الأصول الثابتة غير المادية الأخرى,281,asset_fixed,l10n_lb.lb_chart_template_standard,FALSE
lb_28100,"المؤسسة التجارية المدفوعة قيمتھا ( الخلو، الشھرة)",28100,asset_fixed,l10n_lb.lb_chart_template_standard,FALSE
lb_28110,"المؤسسة التجارية الغير مدفوعة قيمتھا ( الخلو، الشھرة)",28110,asset_fixed,l10n_lb.lb_chart_template_standard,FALSE
lb_28120,مصاريف التأسيس,28120,asset_fixed,l10n_lb.lb_chart_template_standard,FALSE
lb_28130,مصاريف البحوث والتطوير,28130,asset_fixed,l10n_lb.lb_chart_template_standard,FALSE
lb_28140,براءات اختراع - اجازات والقيم المماثلة,28140,asset_fixed,l10n_lb.lb_chart_template_standard,FALSE
lb_28190,أصول ثابتة غير مادية أخرى,28190,asset_fixed,l10n_lb.lb_chart_template_standard,FALSE
lb_282,إستھلاكات الأصول الثابتة المادية,282,asset_fixed,l10n_lb.lb_chart_template_standard,FALSE
lb_28210,الأراضي المبنية,28210,asset_fixed,l10n_lb.lb_chart_template_standard,FALSE
lb_28220,"أراضي برسم الإستثمار الجوفي ( مناجم، مقالع)",28220,asset_fixed,l10n_lb.lb_chart_template_standard,FALSE
lb_28231,الأبنية,28231,asset_fixed,l10n_lb.lb_chart_template_standard,FALSE
lb_28232,التجھيزات العامة وإستصلاح الأبنية,28232,asset_fixed,l10n_lb.lb_chart_template_standard,FALSE
lb_28233,إنشاءات البنية التحتية,28233,asset_fixed,l10n_lb.lb_chart_template_standard,FALSE
lb_28234,إنشاءات على أراضي الغير,28234,asset_fixed,l10n_lb.lb_chart_template_standard,FALSE
lb_28241,تجھيزات متخصصة,28241,asset_fixed,l10n_lb.lb_chart_template_standard,FALSE
lb_28242,تجھيزات ذات طبيعة خاصة,28242,asset_fixed,l10n_lb.lb_chart_template_standard,FALSE
lb_28243,المعدات الصناعية,28243,asset_fixed,l10n_lb.lb_chart_template_standard,FALSE
lb_28244,الأدوات الصناعية,28244,asset_fixed,l10n_lb.lb_chart_template_standard,FALSE
lb_28250,آليات النقل,28250,asset_fixed,l10n_lb.lb_chart_template_standard,FALSE
lb_28260,أصول ثابتة مادية اخرى,28260,asset_fixed,l10n_lb.lb_chart_template_standard,FALSE
lb_28261,"تجھزات عامة، ترميمات وتحسينات",28261,asset_fixed,l10n_lb.lb_chart_template_standard,FALSE
lb_28262,أدوات مكتبية ومعلوماتية,28262,asset_fixed,l10n_lb.lb_chart_template_standard,FALSE
lb_28263,أثاث ومفروشات,28263,asset_fixed,l10n_lb.lb_chart_template_standard,FALSE
lb_28264,إستثمارات زراعية,28264,asset_fixed,l10n_lb.lb_chart_template_standard,FALSE
lb_28265,عبوات قابلة لإعادة الإستعمال,28265,asset_fixed,l10n_lb.lb_chart_template_standard,FALSE
lb_28269,أصول ثابتة مادية اخرى,28269,asset_fixed,l10n_lb.lb_chart_template_standard,FALSE
lb_28310,إستھلاك الخلو و الشھرة المدفوعة قيمته إضافي,28310,asset_fixed,l10n_lb.lb_chart_template_standard,FALSE
lb_28320,"المؤسسة التجارية الغير مدفوعة قيمتھا ( الخلو، الشھرة)",28320,asset_fixed,l10n_lb.lb_chart_template_standard,FALSE
lb_28410,مصاريف التأسيس إضافي,28410,asset_fixed,l10n_lb.lb_chart_template_standard,FALSE
lb_28420,مصاريف البحوث والتطوير إضافي,28420,asset_fixed,l10n_lb.lb_chart_template_standard,FALSE
lb_28430,براءات الإختراع - الإجازات والقيم المماثلة إضافي,28430,asset_fixed,l10n_lb.lb_chart_template_standard,FALSE
lb_28490,أصول ثابتة غر مادية أخرى إضافي,28490,asset_fixed,l10n_lb.lb_chart_template_standard,FALSE
lb_28510,الأراضي المبنية-إضافي,28510,asset_fixed,l10n_lb.lb_chart_template_standard,FALSE
lb_28520,"أراضي برسم استثمار الجوفي ( مناجم، مقالع)-إضافي",28520,asset_fixed,l10n_lb.lb_chart_template_standard,FALSE
lb_28531,الأبنية -إضافي,28531,asset_fixed,l10n_lb.lb_chart_template_standard,FALSE
lb_28532,التجھيزات العامة وإستصلاح الأبنية -إضافي,28532,asset_fixed,l10n_lb.lb_chart_template_standard,FALSE
lb_28533,إنشاءات البنية التحتية -إضافي,28533,asset_fixed,l10n_lb.lb_chart_template_standard,FALSE
lb_28534,إنشاءات على أراضي الغير -إضافي,28534,asset_fixed,l10n_lb.lb_chart_template_standard,FALSE
lb_28541,تجھيزات متخصصة,28541,asset_fixed,l10n_lb.lb_chart_template_standard,FALSE
lb_28542,تجھيزات ذات طبيعة خاصة,28542,asset_fixed,l10n_lb.lb_chart_template_standard,FALSE
lb_28543,المعدات الصناعية,28543,asset_fixed,l10n_lb.lb_chart_template_standard,FALSE
lb_28544,الأدوات الصناعية,28544,asset_fixed,l10n_lb.lb_chart_template_standard,FALSE
lb_28550,آليات النقل -إضافي,28550,asset_fixed,l10n_lb.lb_chart_template_standard,FALSE
lb_28561,"تجھزات عامة، ترميمات وتحسينات -إضافي",28561,asset_fixed,l10n_lb.lb_chart_template_standard,FALSE
lb_28562,أدوات مكتبية ومعلوماتية -إضافي,28562,asset_fixed,l10n_lb.lb_chart_template_standard,FALSE
lb_28563,أثاث ومفروشات -إضافي,28563,asset_fixed,l10n_lb.lb_chart_template_standard,FALSE
lb_28564,إستثمارات زراعية -إضافي,28564,asset_fixed,l10n_lb.lb_chart_template_standard,FALSE
lb_28565,عبوات قابلة لإعادة الإستعمال -إضافي,28565,asset_fixed,l10n_lb.lb_chart_template_standard,FALSE
lb_28569,أصول ثابتة مادية اخرى -إضافي,28569,asset_fixed,l10n_lb.lb_chart_template_standard,FALSE
lb_29,مؤونات ھبوط أسعار الأصول الثابتة,29,asset_fixed,l10n_lb.lb_chart_template_standard,FALSE
lb_290,مؤونات ھبوط قيمة ( المؤسسة التجارية),290,asset_fixed,l10n_lb.lb_chart_template_standard,FALSE
lb_291,مؤونات ھبوط قيم الأصول الثابتة غر المادية,291,asset_fixed,l10n_lb.lb_chart_template_standard,FALSE
lb_29110,علامات وقيم مماثلة,29110,asset_fixed,l10n_lb.lb_chart_template_standard,FALSE
lb_29190,أصول ثابتة غير مادية اخرى,29190,asset_fixed,l10n_lb.lb_chart_template_standard,FALSE
lb_292,مؤونات ھبوط اسعار الأصول الثابتة المادية,292,asset_fixed,l10n_lb.lb_chart_template_standard,FALSE
lb_29210,الأراضي ( غير أراضي الإستثمار الجوفي),29210,asset_fixed,l10n_lb.lb_chart_template_standard,FALSE
lb_29260,أصول ثابتة مادية اخرى,29260,asset_fixed,l10n_lb.lb_chart_template_standard,FALSE
lb_295,مؤونات ھبوط أسعار الأصول الثابتة المالية,295,asset_fixed,l10n_lb.lb_chart_template_standard,FALSE
lb_29510,سندات المشاركة,29510,asset_fixed,l10n_lb.lb_chart_template_standard,FALSE
lb_29520,ذمم مدينة مرتبطة بمشاركات,29520,asset_fixed,l10n_lb.lb_chart_template_standard,FALSE
lb_29530,سندات أخرى مجمدة,29530,asset_fixed,l10n_lb.lb_chart_template_standard,FALSE
lb_29550,قروض ممنوحة طويلة ومتوسطة الأجل,29550,asset_fixed,l10n_lb.lb_chart_template_standard,FALSE
lb_29590,ذمم مدينة أخرى مجمدة,29590,asset_fixed,l10n_lb.lb_chart_template_standard,FALSE
lb_31,مواد أولية أو إستھلاكية,31,asset_current,l10n_lb.lb_chart_template_standard,FALSE
lb_311,مواد أولية,311,asset_current,l10n_lb.lb_chart_template_standard,FALSE
lb_315,مواد ولوازم إستھلاكية أخرى,315,asset_current,l10n_lb.lb_chart_template_standard,FALSE
lb_33,قيد الصنع ( سلع وأشغال وخدمات),33,asset_current,l10n_lb.lb_chart_template_standard,FALSE
lb_331,منتجات قيد الصنع,331,asset_current,l10n_lb.lb_chart_template_standard,FALSE
lb_33110,مواد أولية قيد الصنع,33110,asset_current,l10n_lb.lb_chart_template_standard,FALSE
lb_33120,مواد إستھلاكية قيد الصنع,33120,asset_current,l10n_lb.lb_chart_template_standard,FALSE
lb_33130,د عاملة قد الصنع,33130,asset_current,l10n_lb.lb_chart_template_standard,FALSE
lb_332,أشغال قيد التنفيذ,332,asset_current,l10n_lb.lb_chart_template_standard,FALSE
lb_335,دراسات قيد الإعداد,335,asset_current,l10n_lb.lb_chart_template_standard,FALSE
lb_336,خدمات قيد التقديم,336,asset_current,l10n_lb.lb_chart_template_standard,FALSE
lb_35,منتجات,35,asset_current,l10n_lb.lb_chart_template_standard,FALSE
lb_351,منتجات وسطية,351,asset_current,l10n_lb.lb_chart_template_standard,FALSE
lb_355,منتجات تامة الصنع,355,asset_current,l10n_lb.lb_chart_template_standard,FALSE
lb_35510,مواد أولية تامة الصنع,35510,asset_current,l10n_lb.lb_chart_template_standard,FALSE
lb_35520,مواد إستھلاكية تامة الصنع,35520,asset_current,l10n_lb.lb_chart_template_standard,FALSE
lb_35530,يد عاملة تامة الصنع,35530,asset_current,l10n_lb.lb_chart_template_standard,FALSE
lb_358,فضلات الإنتاج,358,asset_current,l10n_lb.lb_chart_template_standard,FALSE
lb_37,البضائع ( المعدة للبيع),37,asset_current,l10n_lb.lb_chart_template_standard,FALSE
lb_39,مؤونات ھبوط أسعار المخزون وقيد الصنع,39,asset_current,l10n_lb.lb_chart_template_standard,FALSE
lb_391,مؤونات ھبوط أسعار مخزون المواد الأولية والإستھلاكية,391,asset_current,l10n_lb.lb_chart_template_standard,FALSE
lb_393,مؤونات ھبوط أسعار الإنتاج قيد الصنع,393,asset_current,l10n_lb.lb_chart_template_standard,FALSE
lb_395,مؤونات ھبوط أسعار الإنتاج المخزون,395,asset_current,l10n_lb.lb_chart_template_standard,FALSE
lb_397,مؤونات ھبوط أسعار البضاعة المخزونة,397,asset_current,l10n_lb.lb_chart_template_standard,FALSE
lb_40,الموردون,40,liability_payable,l10n_lb.lb_chart_template_standard,TRUE
lb_401,ذمم دائنة ( موردو استثمار),401,liability_payable,l10n_lb.lb_chart_template_standard,TRUE
lb_40110,فواتير,40110,liability_payable,l10n_lb.lb_chart_template_standard,TRUE
lb_40150,أوراق دفع,40150,liability_payable,l10n_lb.lb_chart_template_standard,TRUE
lb_40180,فواتير لم تصل بعد,40180,liability_payable,l10n_lb.lb_chart_template_standard,TRUE
lb_40190,حسومات مكتسبة,40190,liability_payable,l10n_lb.lb_chart_template_standard,TRUE
lb_403,موردو الأصول الثابتة,403,liability_payable,l10n_lb.lb_chart_template_standard,TRUE
lb_40310,فواتير,40310,liability_payable,l10n_lb.lb_chart_template_standard,TRUE
lb_40350,أوراق دفع,40350,liability_payable,l10n_lb.lb_chart_template_standard,TRUE
lb_40380,فواتير لم تصل بعد,40380,liability_payable,l10n_lb.lb_chart_template_standard,TRUE
lb_40390,حسومات مكتسبة,40390,liability_payable,l10n_lb.lb_chart_template_standard,TRUE
lb_409,سلفات ودفعات على حساب طلبيات للإستثمار,409,liability_payable,l10n_lb.lb_chart_template_standard,TRUE
lb_41,الزبائن,41,asset_receivable,l10n_lb.lb_chart_template_standard,TRUE
lb_411,فواتير الزبائن,411,asset_receivable,l10n_lb.lb_chart_template_standard,TRUE
lb_41110,زبائن عاديون,41110,asset_receivable,l10n_lb.lb_chart_template_standard,TRUE
lb_411101,زبائن عاديون - (PoS),411101,asset_receivable,l10n_lb.lb_chart_template_standard,TRUE
lb_41150,زبائن مشكوك بتحصيل ديونھم,41150,asset_receivable,l10n_lb.lb_chart_template_standard,TRUE
lb_41190,حسومات ممنوحة من المؤسسة,41190,asset_receivable,l10n_lb.lb_chart_template_standard,TRUE
lb_413,أوراق قبض - زبائن,413,asset_receivable,l10n_lb.lb_chart_template_standard,TRUE
lb_415,ذمم مدينة على أشغال لم تبلغ مرحلة تحرر فواتير بھا,415,asset_receivable,l10n_lb.lb_chart_template_standard,TRUE
lb_418,فواتير قيد الإعداد,418,asset_receivable,l10n_lb.lb_chart_template_standard,TRUE
lb_419,سلفات ومقبوضات على حساب طلبات قيد التنفيذ,419,asset_receivable,l10n_lb.lb_chart_template_standard,TRUE
lb_42,المستخدمون,42,liability_current,l10n_lb.lb_chart_template_standard,TRUE
lb_421,مدفوعات متوجبة للمستخدمين,421,liability_current,l10n_lb.lb_chart_template_standard,TRUE
lb_42101,الراتب الأساسي,42101,liability_current,l10n_lb.lb_chart_template_standard,TRUE
lb_42102,بدل تمثيل,42102,liability_current,l10n_lb.lb_chart_template_standard,TRUE
lb_42103,"فرص مدفوعة ، ساعات إضافية ، عمولات ، مكافآت",42103,liability_current,l10n_lb.lb_chart_template_standard,TRUE
lb_42104,تعويض عائلي عن الزوجة,42104,liability_current,l10n_lb.lb_chart_template_standard,TRUE
lb_42105,تعوض عائلي عن الأولاد,42105,liability_current,l10n_lb.lb_chart_template_standard,TRUE
lb_42106,تعويضات نقل وإنتقال,42106,liability_current,l10n_lb.lb_chart_template_standard,TRUE
lb_42107,بدل سيارة,42107,liability_current,l10n_lb.lb_chart_template_standard,TRUE
lb_42108,بدل سكن,42108,liability_current,l10n_lb.lb_chart_template_standard,TRUE
lb_42109,بدل طعام,42109,liability_current,l10n_lb.lb_chart_template_standard,TRUE
lb_42110,بدل ملبس,42110,liability_current,l10n_lb.lb_chart_template_standard,TRUE
lb_42111,تعويض صندوق,42111,liability_current,l10n_lb.lb_chart_template_standard,TRUE
lb_42112,تأمينات صحية على أنواعھا,42112,liability_current,l10n_lb.lb_chart_template_standard,TRUE
lb_42113,منح تعليم,42113,liability_current,l10n_lb.lb_chart_template_standard,TRUE
lb_42114,منح زواج,42114,liability_current,l10n_lb.lb_chart_template_standard,TRUE
lb_42115,منح ولادة,42115,liability_current,l10n_lb.lb_chart_template_standard,TRUE
lb_42116,مساعدات مرضية,42116,liability_current,l10n_lb.lb_chart_template_standard,TRUE
lb_42117,مساعدات وفاة,42117,liability_current,l10n_lb.lb_chart_template_standard,TRUE
lb_42118,منح و تقديمات اخرى,42118,liability_current,l10n_lb.lb_chart_template_standard,TRUE
lb_428,حسابات المستخدمين المدينة,428,liability_current,l10n_lb.lb_chart_template_standard,TRUE
lb_42810,سلفات ودفعات للمستخدمين,42810,liability_current,l10n_lb.lb_chart_template_standard,TRUE
lb_42820,حجوزات,42820,liability_current,l10n_lb.lb_chart_template_standard,TRUE
lb_43,مؤسسات الضمان الإجتماعي,43,liability_current,l10n_lb.lb_chart_template_standard,TRUE
lb_431,ذمم دائنة تجاه مؤسسات الضمان الإجتماعي,431,liability_current,l10n_lb.lb_chart_template_standard,TRUE
lb_43110,تقديمات برسم الدفع,43110,liability_current,l10n_lb.lb_chart_template_standard,TRUE
lb_43111,تقديمات برسم الدفع من الموظفين للضمان الإجتماعي,43111,liability_current,l10n_lb.lb_chart_template_standard,TRUE
lb_43150,أوراق الدفع - مؤسسات الضمان اجتماعي,43150,liability_current,l10n_lb.lb_chart_template_standard,TRUE
lb_43180,أعباء يجب لحظھا - مؤسسات الضمان الإجتماعي,43180,liability_current,l10n_lb.lb_chart_template_standard,TRUE
lb_438,ذمم مدينة على مؤسسات الضمان الإجتماعي,438,asset_receivable,l10n_lb.lb_chart_template_standard,TRUE
lb_43810,تعويض عائلي عن الزوجة,43810,asset_receivable,l10n_lb.lb_chart_template_standard,TRUE
lb_43820,تعوض عائلي عن الأولاد,43820,asset_receivable,l10n_lb.lb_chart_template_standard,TRUE
lb_44,الدولة والمؤسسات العامة,44,liability_current,l10n_lb.lb_chart_template_standard,TRUE
lb_441,ضرائب متوجبة على الإستثمار,441,liability_current,l10n_lb.lb_chart_template_standard,TRUE
lb_44110,ضرائب ورسوم متوجبة,44110,liability_current,l10n_lb.lb_chart_template_standard,TRUE
lb_44150,أوراق دفع - ضرائب ورسوم,44150,liability_current,l10n_lb.lb_chart_template_standard,TRUE
lb_44180,أعباء يجب لحظھا- ضرائب ورسوم,44180,liability_current,l10n_lb.lb_chart_template_standard,TRUE
lb_442,الضريبة على القيمة المضافة,442,asset_current,l10n_lb.lb_chart_template_standard,TRUE
lb_44210,ض.ق.م. على المشتريات المستعملة فقط لعملات تتيح حق الحسم,44210,asset_current,l10n_lb.lb_chart_template_standard,TRUE
lb_44211,ض.ق.م. على المشتريات المستعملة فقط لعملات تتيح حق الاسترداد,44211,asset_current,l10n_lb.lb_chart_template_standard,TRUE
lb_44212,ض.ق.م. على المشتريات التي لا يمكن تحديد وجھة استعمالھا,44212,asset_current,l10n_lb.lb_chart_template_standard,TRUE
lb_44213,ض.ق.م. على مشتريات أ.ث. مستعملة لعملات تتيح حق الحسم,44213,asset_current,l10n_lb.lb_chart_template_standard,TRUE
lb_44214,ض.ق.م. على مشتريات أ.ث. مستعملة لعملات تتيح حق استرداد,44214,asset_current,l10n_lb.lb_chart_template_standard,TRUE
lb_44215,ض.ق.م. المدفوعة على أ.ث. التي لا يمكن تحديد وجھة استعمالھا,44215,asset_current,l10n_lb.lb_chart_template_standard,TRUE
lb_44216,ض.ق.م. المدفوعة على اعباء المستعملة لعملات تتيح حق الحسم,44216,asset_current,l10n_lb.lb_chart_template_standard,TRUE
lb_44217,ض.ق.م. المدفوعة على اعباء المستعملة لعملات تتيح الاسترداد,44217,asset_current,l10n_lb.lb_chart_template_standard,TRUE
lb_44218,ض.ق.م. المدفوعة على أعباء لا يمكن تحديد وجھة استعمالھا,44218,asset_current,l10n_lb.lb_chart_template_standard,TRUE
lb_44219,ض.ق.م. المدفوعة على سلفات ودفعات على حساب طلبيات للإستثمار,44219,asset_current,l10n_lb.lb_chart_template_standard,TRUE
lb_44221,ض.ق.م. القابلة للاسترداد (مادة59) على المشتريات,44221,asset_current,l10n_lb.lb_chart_template_standard,TRUE
lb_44222,ض.ق.م. القابلة للاسترداد الجزئي (مادة59) على المشتريات,44222,asset_current,l10n_lb.lb_chart_template_standard,TRUE
lb_44223,ض.ق.م. القابلة للاسترداد (مادة59) مشتريات الأصول الثابتة,44223,asset_current,l10n_lb.lb_chart_template_standard,TRUE
lb_44224,ض.ق.م. القابلة للاسترداد الجزئي (مادة59) على مشتريات أ.ث,44224,asset_current,l10n_lb.lb_chart_template_standard,TRUE
lb_44225,ض.ق.م. القابلة للاسترداد (مادة59) على الأعباء,44225,asset_current,l10n_lb.lb_chart_template_standard,TRUE
lb_44226,ض.ق.م. القابلة للاسترداد الجزئي (مادة59) على الأعباء,44226,asset_current,l10n_lb.lb_chart_template_standard,TRUE
lb_44251,ض.ق.م. المستحقة للدفع,44251,asset_current,l10n_lb.lb_chart_template_standard,TRUE
lb_44252,ض.ق.م. المدورة القابلة للإسترداد,44252,asset_current,l10n_lb.lb_chart_template_standard,TRUE
lb_44261,ض.ق.م. القابلة للحسم على المشتريات,44261,asset_current,l10n_lb.lb_chart_template_standard,TRUE
lb_44262,ض.ق.م. القابلة للحسم الجزئي على المشتريات,44262,asset_current,l10n_lb.lb_chart_template_standard,TRUE
lb_44263,ض.ق.م. القابلة للحسم على مشتريات الاصول الثابتة,44263,asset_current,l10n_lb.lb_chart_template_standard,TRUE
lb_44264,ض.ق.م. القابلة للحسم الجزئي على مشتريات الاصول الثابتة,44264,asset_current,l10n_lb.lb_chart_template_standard,TRUE
lb_44265,ض.ق.م. القابلة للحسم على الأعباء,44265,asset_current,l10n_lb.lb_chart_template_standard,TRUE
lb_44266,ض.ق.م. القابلة للحسم الجزئي على الأعباء,44266,asset_current,l10n_lb.lb_chart_template_standard,TRUE
lb_44267,ض.ق.م. القابلة للحسم على س/د على حساب طلبات للاستثمار,44267,asset_current,l10n_lb.lb_chart_template_standard,TRUE
lb_44268,ض.ق.م. القابلة للحسم الجزئي على س/د على حساب طلبات للاستثمار,44268,asset_current,l10n_lb.lb_chart_template_standard,TRUE
lb_44270,ض.ق.م. المحصلة على عمليات تسليم اموال,44270,liability_current,l10n_lb.lb_chart_template_standard,TRUE
lb_44271,ض.ق.م. المحصلة على عمليات تقديم الخدمات,44271,liability_current,l10n_lb.lb_chart_template_standard,TRUE
lb_44272,ض.ق.م. المحصلة على عمليات تسليم الأموال على الأسس النقدية,44272,liability_current,l10n_lb.lb_chart_template_standard,TRUE
lb_44273,ض.ق.م. المحصلة على عمليات تقديم الخدمات على الأسس النقدية,44273,liability_current,l10n_lb.lb_chart_template_standard,TRUE
lb_44274,(ض.ق.م. المحصلة على عمليات تسليم المجوھرات (َض. ربح حقيقي,44274,liability_current,l10n_lb.lb_chart_template_standard,TRUE
lb_44275,ض.ق.م. المحصلة على عمليات تسليم الأموال للسايح,44275,liability_current,l10n_lb.lb_chart_template_standard,TRUE
lb_44276,ض.ق.م. المحصلة على عمليات تسليم الأموال وتقديم الخدمات للذات,44276,liability_current,l10n_lb.lb_chart_template_standard,TRUE
lb_44277,ض.ق.م. المحصلة على مبالغ مستحقة لغير مقيمين,44277,liability_current,l10n_lb.lb_chart_template_standard,TRUE
lb_44278,ض.ق.م. المحصلة على مبيع أصول ثابتة,44278,liability_current,l10n_lb.lb_chart_template_standard,TRUE
lb_44279,ض.ق.م. المحصلة على س/م على حساب طلبيات قيد التنفيذ,44279,liability_current,l10n_lb.lb_chart_template_standard,TRUE
lb_44281,ض.ق.م. القابلة للتسوية المدينة,44281,liability_current,l10n_lb.lb_chart_template_standard,TRUE
lb_44281100,ض.ق.م. القابلة للتسوية المدينة على السلفات,44281100,liability_current,l10n_lb.lb_chart_template_standard,TRUE
lb_44281200,ض.ق.م. القابلة للتسوية المدينة على الحسابات الأخرى,44281200,liability_current,l10n_lb.lb_chart_template_standard,TRUE
lb_44282,ض.ق.م. القابلة للتسوية الدائنة,44282,liability_current,l10n_lb.lb_chart_template_standard,TRUE
lb_44282100,ض.ق.م. القابلة للتسوية الدائنة على السلفات,44282100,liability_current,l10n_lb.lb_chart_template_standard,TRUE
lb_44282200,ض.ق.م. القابلة للتسوية الدائنة على الحسابات الأخرى,44282200,liability_current,l10n_lb.lb_chart_template_standard,TRUE
lb_44291,ض.ق.م. المطلوب استردادھا- استرداد فصلي,44291,liability_current,l10n_lb.lb_chart_template_standard,TRUE
lb_44292,ض.ق.م. المطلوب استردادھا- استرداد نصف سنوي,44292,liability_current,l10n_lb.lb_chart_template_standard,TRUE
lb_44293,ض.ق.م. المطلوب استردادھا- استرداد سنوي,44293,liability_current,l10n_lb.lb_chart_template_standard,TRUE
lb_44294,ض.ق.م. المطلوب استردادھا- مادة 59,44294,liability_current,l10n_lb.lb_chart_template_standard,TRUE
lb_443,ضرائب متوجبة خارج الإستثمار,443,liability_current,l10n_lb.lb_chart_template_standard,TRUE
lb_44310,الضرائب على الأرباح,44310,liability_current,l10n_lb.lb_chart_template_standard,TRUE
lb_44311,ضريبة على ربح التحسين,44311,liability_current,l10n_lb.lb_chart_template_standard,TRUE
lb_44312,الضرائب على إرادات الأموال المنقولة,44312,liability_current,l10n_lb.lb_chart_template_standard,TRUE
lb_44313,ضريبة متوجبة على الرواتب,44313,liability_current,l10n_lb.lb_chart_template_standard,TRUE
lb_445,الدولة والمؤسسات العامة ( ذمم دائنة أخرى),445,liability_current,l10n_lb.lb_chart_template_standard,TRUE
lb_449,الدولة والمؤسسات العامة ( ذمم مدينة),449,asset_receivable,l10n_lb.lb_chart_template_standard,TRUE
lb_44910,إعانات مستحقة غر مقبوضة,44910,asset_receivable,l10n_lb.lb_chart_template_standard,TRUE
lb_44970,ذمم مدنة اخرى ( الدولة والمؤسسات العامة),44970,asset_receivable,l10n_lb.lb_chart_template_standard,TRUE
lb_44980,إردات مستحقة غر مقبوضة,44980,asset_receivable,l10n_lb.lb_chart_template_standard,TRUE
lb_45,الشركاء,45,asset_receivable,l10n_lb.lb_chart_template_standard,TRUE
lb_451,حسابات الشركاء الجارية المدينة أو الدائنة,451,asset_receivable,l10n_lb.lb_chart_template_standard,TRUE
lb_45111,الشركة الام,45111,asset_receivable,l10n_lb.lb_chart_template_standard,TRUE
lb_45112,الشركات التابعة,45112,asset_receivable,l10n_lb.lb_chart_template_standard,TRUE
lb_45113,الشركات المشاركة,45113,asset_receivable,l10n_lb.lb_chart_template_standard,TRUE
lb_45114,الشركات الداخلة في عدة مجموعات,45114,asset_receivable,l10n_lb.lb_chart_template_standard,TRUE
lb_45150,تقديمات الشركاء,45150,asset_receivable,l10n_lb.lb_chart_template_standard,TRUE
lb_45155,مسحوبات الشركاء,45155,asset_receivable,l10n_lb.lb_chart_template_standard,TRUE
lb_45180,عمليات مشتركة,45180,asset_receivable,l10n_lb.lb_chart_template_standard,TRUE
lb_453,أنصبة أرباح برسم الدفع,453,liability_current,l10n_lb.lb_chart_template_standard,TRUE
lb_45390,توزيعات أخرى,45390,liability_current,l10n_lb.lb_chart_template_standard,TRUE
lb_455,ذمم دائنة أخرى للشركاء,455,liability_current,l10n_lb.lb_chart_template_standard,TRUE
lb_45510,حسابات المقدمات للشركة,45510,liability_current,l10n_lb.lb_chart_template_standard,TRUE
lb_45520,رأس المال المقرر إسترداده من الشركاء,45520,liability_current,l10n_lb.lb_chart_template_standard,TRUE
lb_45570,نتائج سابقة مدورة أرباح,45570,liability_current,l10n_lb.lb_chart_template_standard,TRUE
lb_459,ذمم الشركاء المدينة,459,asset_receivable,l10n_lb.lb_chart_template_standard,TRUE
lb_45910,رأس المال المكتتب غير المستدعى,45910,asset_receivable,l10n_lb.lb_chart_template_standard,TRUE
lb_45920,رأس المال المكتتب المستدعى وغير المدفوع,45920,asset_receivable,l10n_lb.lb_chart_template_standard,TRUE
lb_45970,نتائج سابقة مدورة خسائر,45970,asset_receivable,l10n_lb.lb_chart_template_standard,TRUE
lb_46,ذمم مختلفة,46,liability_current,l10n_lb.lb_chart_template_standard,TRUE
lb_461,ذمم استثمار الدائنة الأخرى,461,liability_current,l10n_lb.lb_chart_template_standard,TRUE
lb_46110,ذمم دائنة متعلقة بالعبوات والمعدات الموضوعة بالأمانة,46110,liability_current,l10n_lb.lb_chart_template_standard,TRUE
lb_46190,حسابات دائنة مختلفة - إستثمار,46190,liability_current,l10n_lb.lb_chart_template_standard,TRUE
lb_463,أقساط برسم الدفع على أصول ثابتة مالية,463,liability_current,l10n_lb.lb_chart_template_standard,TRUE
lb_46310,سندات مشاركة غر محررة,46310,liability_current,l10n_lb.lb_chart_template_standard,TRUE
lb_46330,سندات أخرى مجمدة غير محررة,46330,liability_current,l10n_lb.lb_chart_template_standard,TRUE
lb_465,دائنون مختلفون خارج استثمار,465,liability_current,l10n_lb.lb_chart_template_standard,TRUE
lb_46510,ذمم دائنة على إمتلاك سندات التوظيف,46510,liability_current,l10n_lb.lb_chart_template_standard,TRUE
lb_46520,سندات الدين,46520,liability_current,l10n_lb.lb_chart_template_standard,TRUE
lb_46530,أقساط برسم الدفع على سندات توظيف,46530,liability_current,l10n_lb.lb_chart_template_standard,TRUE
lb_46590,دائنون مختلفون - خارج الإستثمار,46590,liability_current,l10n_lb.lb_chart_template_standard,TRUE
lb_468,مدنون مختلفون للإستثمار,468,asset_receivable,l10n_lb.lb_chart_template_standard,TRUE
lb_46810,ذمم مدينة متعلقة بالعبوات والمعدات الواجب إعادتھا,46810,asset_receivable,l10n_lb.lb_chart_template_standard,TRUE
lb_46890,حسابات أخرى مدينة مختلفة - للإستثمار,46890,asset_receivable,l10n_lb.lb_chart_template_standard,TRUE
lb_469,مدينون مختلفون - خارج الإستثمار,469,asset_receivable,l10n_lb.lb_chart_template_standard,TRUE
lb_46910,ذمم مدينة على بيع أصول ثابتة وسندات توظيف,46910,asset_receivable,l10n_lb.lb_chart_template_standard,TRUE
lb_46990,حسابات أخرى مدينة مختلفة - خارج الإستثمار,46990,asset_receivable,l10n_lb.lb_chart_template_standard,TRUE
lb_47,حسابات التسوية,47,asset_receivable,l10n_lb.lb_chart_template_standard,TRUE
lb_471,الأعباء الواجب توزيعھا على عدة دورات,471,asset_receivable,l10n_lb.lb_chart_template_standard,TRUE
lb_47110,أعباء ما قبل الإستثمار,47110,asset_receivable,l10n_lb.lb_chart_template_standard,TRUE
lb_47120,التصليحات الكبيرة الواجب إستھلاكھا,47120,asset_receivable,l10n_lb.lb_chart_template_standard,TRUE
lb_47130,علاوات تسديد السندات,47130,asset_receivable,l10n_lb.lb_chart_template_standard,TRUE
lb_47190,أعباء أخرى واجب توزعھا على عدة دورات مالة,47190,asset_receivable,l10n_lb.lb_chart_template_standard,TRUE
lb_472,أعباء محتسبة مسبقا,472,asset_receivable,l10n_lb.lb_chart_template_standard,TRUE
lb_473,إيرادات محتسبة مسبقا,473,liability_current,l10n_lb.lb_chart_template_standard,TRUE
lb_474,أعباء برسم الدفع,474,liability_current,l10n_lb.lb_chart_template_standard,TRUE
lb_48,الحسابات المؤقتة وقد التسوية,48,liability_current,l10n_lb.lb_chart_template_standard,TRUE
lb_481,حسابات التوزيع الدوري للأعباء,481,liability_current,l10n_lb.lb_chart_template_standard,TRUE
lb_482,حسابات التوزيع الدوري للإيرادات,482,liability_current,l10n_lb.lb_chart_template_standard,TRUE
lb_49,مؤونات لمواجھة ھبوط قيم حسابات الذمم,49,liability_current,l10n_lb.lb_chart_template_standard,TRUE
lb_491,مؤونات ھبوط قم الذمم المدينة - الزبائن,491,liability_current,l10n_lb.lb_chart_template_standard,TRUE
lb_495,مؤونات ھبوط قيم حسابات الشركاء,495,liability_current,l10n_lb.lb_chart_template_standard,TRUE
lb_496,مؤونات ھبوط قيم حسابات الذمم المدينة المختلفة,496,liability_current,l10n_lb.lb_chart_template_standard,TRUE
lb_49680,مدينون مختلفون - للإستثمار,49680,liability_current,l10n_lb.lb_chart_template_standard,TRUE
lb_49690,مدينون مختلفون - خارج الإستثمار,49690,liability_current,l10n_lb.lb_chart_template_standard,TRUE
lb_50,سندات توظيف,50,asset_cash,l10n_lb.lb_chart_template_standard,TRUE
lb_501,أسھم صادرة عن الشركة ومعاد شراؤھا من قبلھا,501,asset_cash,l10n_lb.lb_chart_template_standard,TRUE
lb_502,سندات تمنح حامليھا حق الملكية,502,asset_cash,l10n_lb.lb_chart_template_standard,TRUE
lb_505,سندات دين وقسائم صادرة عن الشركة,505,asset_cash,l10n_lb.lb_chart_template_standard,TRUE
lb_506,سندات تمنح حامليھا حقوق الدائنين,506,asset_cash,l10n_lb.lb_chart_template_standard,TRUE
lb_51,المؤسسات المالية,51,asset_cash,l10n_lb.lb_chart_template_standard,TRUE
lb_511,شيكات وقسائم برسم القبض,511,asset_cash,l10n_lb.lb_chart_template_standard,TRUE
lb_512,بنوك,512,asset_cash,l10n_lb.lb_chart_template_standard,TRUE
lb_51210,بنوك حساب جاري,51210,asset_cash,l10n_lb.lb_chart_template_standard,TRUE
lb_51220,الحسابات المكشوفة,51220,asset_cash,l10n_lb.lb_chart_template_standard,TRUE
lb_51230,إعتماد,51230,asset_cash,l10n_lb.lb_chart_template_standard,TRUE
lb_51240,كفات,51240,asset_cash,l10n_lb.lb_chart_template_standard,TRUE
lb_51250,إداعات,51250,asset_cash,l10n_lb.lb_chart_template_standard,TRUE
lb_51260,أوراق دفع - بنوك,51260,asset_cash,l10n_lb.lb_chart_template_standard,TRUE
lb_519,مؤسسات التميول,519,liability_current,l10n_lb.lb_chart_template_standard,TRUE
lb_53,الصندوق,53,asset_cash,l10n_lb.lb_chart_template_standard,TRUE
lb_531,الصندوق,531,asset_cash,l10n_lb.lb_chart_template_standard,TRUE
lb_53101,الصندوق ل.ل,53101,asset_cash,l10n_lb.lb_chart_template_standard,TRUE
lb_53102,الصندوق $,53102,asset_cash,l10n_lb.lb_chart_template_standard,TRUE
lb_53111,صندوق النثريات ل.ل,53111,asset_cash,l10n_lb.lb_chart_template_standard,TRUE
lb_53112,صندوق النثريات $,53112,asset_cash,l10n_lb.lb_chart_template_standard,TRUE
lb_532,شيكات مرتجعة,532,asset_cash,l10n_lb.lb_chart_template_standard,TRUE
lb_533,شيكات باليد,533,asset_cash,l10n_lb.lb_chart_template_standard,TRUE
lb_534,سندات مرتجعة,534,asset_cash,l10n_lb.lb_chart_template_standard,TRUE
lb_535,شيكات برسم التحصيل,535,asset_cash,l10n_lb.lb_chart_template_standard,TRUE
lb_58,التحويلات الداخلية,58,asset_cash,l10n_lb.lb_chart_template_standard,TRUE
lb_59,مؤونات ھبوط أسعار سندات التوظيف,59,liability_current,l10n_lb.lb_chart_template_standard,TRUE
lb_60,مشتريات البضاعة وقيمة التغيير في المخزون,60,expenses,l10n_lb.lb_chart_template_standard,FALSE
lb_601,مشتريات البضاعة,601,expenses,l10n_lb.lb_chart_template_standard,FALSE
lb_60110,مشتريات البضاعة,6011000001,expenses,l10n_lb.lb_chart_template_standard,FALSE
lb_60111,مشتريات من أشخاص لا يوجد لھم مكان عمل,60111,expenses,l10n_lb.lb_chart_template_standard,FALSE
lb_60119,مشتريات من أشخاص لا يوجد لھم عمل,60119,expenses,l10n_lb.lb_chart_template_standard,FALSE
lb_60120,العبوات,60120,expenses,l10n_lb.lb_chart_template_standard,FALSE
lb_60181,نقليات,60181,expenses,l10n_lb.lb_chart_template_standard,FALSE
lb_60182,سمسرة وعمولات,60182,expenses,l10n_lb.lb_chart_template_standard,FALSE
lb_60183,تأمين على الشحن,60183,expenses,l10n_lb.lb_chart_template_standard,FALSE
lb_60184,أتعاب مخلصي البضاعة,60184,expenses,l10n_lb.lb_chart_template_standard,FALSE
lb_60185,رسوم جمركية,60185,expenses,l10n_lb.lb_chart_template_standard,FALSE
lb_60190,حسومات مكتسبة,60190,expenses,l10n_lb.lb_chart_template_standard,FALSE
lb_605,قيمة التغيير في مخزون البضاعة,605,expenses,l10n_lb.lb_chart_template_standard,FALSE
lb_60510,مخزون أول المدة أو المخزون المستلم,60510,expenses,l10n_lb.lb_chart_template_standard,FALSE
lb_60520,مخزون آخر المدة أو كلفة البضاعة المباعة,60520,expenses,l10n_lb.lb_chart_template_standard,FALSE
lb_61,مواد أولية وإستھلاكية مستخدمة,61,expenses,l10n_lb.lb_chart_template_standard,FALSE
lb_611,مشتريات المواد الأولية والإستھلاكية للقطاع التجاري,611,expenses,l10n_lb.lb_chart_template_standard,FALSE
lb_61110,شراء مواد أولية,61110,expenses,l10n_lb.lb_chart_template_standard,FALSE
lb_61111,مواد أولية أ,61111,expenses,l10n_lb.lb_chart_template_standard,FALSE
lb_61112,مواد أولية ب,61112,expenses,l10n_lb.lb_chart_template_standard,FALSE
lb_61119,مشتريات مواد أولية من أشخاص ليس لھم مكان عمل,61119,expenses,l10n_lb.lb_chart_template_standard,FALSE
lb_61120,شراء مواد ولوازم إستھلاكية,61120,expenses,l10n_lb.lb_chart_template_standard,FALSE
lb_61121,محروقات,61121,expenses,l10n_lb.lb_chart_template_standard,FALSE
lb_61122,مواد الصيانة,61122,expenses,l10n_lb.lb_chart_template_standard,FALSE
lb_61123,لوازم للمشغل والمصنع,61123,expenses,l10n_lb.lb_chart_template_standard,FALSE
lb_61124,لوازم للمخزن,61124,expenses,l10n_lb.lb_chart_template_standard,FALSE
lb_61125,لوازم مكتبية,61125,expenses,l10n_lb.lb_chart_template_standard,FALSE
lb_61126,مصارف مياه وكھرباء,61126,expenses,l10n_lb.lb_chart_template_standard,FALSE
lb_61131,عبوات  تسترد,61131,expenses,l10n_lb.lb_chart_template_standard,FALSE
lb_61132,عبوات تسترد ويعاد إستعمالھا,61132,expenses,l10n_lb.lb_chart_template_standard,FALSE
lb_61133,عبوات تستعمل على أوجه مختلفة,61133,expenses,l10n_lb.lb_chart_template_standard,FALSE
lb_61181,نقليات,61181,expenses,l10n_lb.lb_chart_template_standard,FALSE
lb_61182,سمسرة وعمولات,61182,expenses,l10n_lb.lb_chart_template_standard,FALSE
lb_61183,تأمين على الشحن,61183,expenses,l10n_lb.lb_chart_template_standard,FALSE
lb_61184,أتعاب مخلصي البضاعة,61184,expenses,l10n_lb.lb_chart_template_standard,FALSE
lb_61185,رسوم جمركية,61185,expenses,l10n_lb.lb_chart_template_standard,FALSE
lb_61189,مختلف,61189,expenses,l10n_lb.lb_chart_template_standard,FALSE
lb_61190,حسومات مكتسبة ( بالتفصيل),61190,expenses,l10n_lb.lb_chart_template_standard,FALSE
lb_612,مشتريات المواد الأولية والإستھلاكية للقطاع الصناعي,612,expenses,l10n_lb.lb_chart_template_standard,FALSE
lb_61210,شراء مواد أولية,61210,expenses,l10n_lb.lb_chart_template_standard,FALSE
lb_61211,مواد أولية أ,61211,expenses,l10n_lb.lb_chart_template_standard,FALSE
lb_61212,مواد أولية ب,61212,expenses,l10n_lb.lb_chart_template_standard,FALSE
lb_61219,شراء مواد اولية من موردين غر مقيمين,61219,expenses,l10n_lb.lb_chart_template_standard,FALSE
lb_61220,شراء مواد ولوازم إستھلاكية,61220,expenses,l10n_lb.lb_chart_template_standard,FALSE
lb_61221,محروقات,61221,expenses,l10n_lb.lb_chart_template_standard,FALSE
lb_61222,مواد الصيانة,61222,expenses,l10n_lb.lb_chart_template_standard,FALSE
lb_61223,لوازم للمشغل والمصنع,61223,expenses,l10n_lb.lb_chart_template_standard,FALSE
lb_61224,لوازم للمخزن,61224,expenses,l10n_lb.lb_chart_template_standard,FALSE
lb_61225,لوازم مكتبية,61225,expenses,l10n_lb.lb_chart_template_standard,FALSE
lb_61230,شراء عبوات,61230,expenses,l10n_lb.lb_chart_template_standard,FALSE
lb_61231,عبوات لا تسترد,61231,expenses,l10n_lb.lb_chart_template_standard,FALSE
lb_61232,عبوات تسترد ويعاد إستعمالھا,61232,expenses,l10n_lb.lb_chart_template_standard,FALSE
lb_61233,عبوات تستعمل على أوجه مختلفة,61233,expenses,l10n_lb.lb_chart_template_standard,FALSE
lb_61280,مصارف إضافية على شراء مواد أولية وإستھلاكية,61280,expenses,l10n_lb.lb_chart_template_standard,FALSE
lb_61281,نقليات,61281,expenses,l10n_lb.lb_chart_template_standard,FALSE
lb_61282,سمسرة وعمولات,61282,expenses,l10n_lb.lb_chart_template_standard,FALSE
lb_61283,تأمين على الشحن,61283,expenses,l10n_lb.lb_chart_template_standard,FALSE
lb_61284,أتعاب مخلصي بضاعة,61284,expenses,l10n_lb.lb_chart_template_standard,FALSE
lb_61285,رسوم جمركية,61285,expenses,l10n_lb.lb_chart_template_standard,FALSE
lb_61289,مختلف,61289,expenses,l10n_lb.lb_chart_template_standard,FALSE
lb_615,قيمة التغيير في مخزون المواد الأولية والإستھلاكية,615,expenses,l10n_lb.lb_chart_template_standard,FALSE
lb_61511,مخزون أول المدة للقطاع التجاري أو البضاعة المستلمة,61511,expenses,l10n_lb.lb_chart_template_standard,FALSE
lb_61512,مخزون أول المدة للقطاع الصناعي أو البضاعة المستلمة,61512,expenses,l10n_lb.lb_chart_template_standard,FALSE
lb_61521,مخزون آخر المدة للقطاع التجاري أو كلفة البضاعة المستعملة,61521,expenses,l10n_lb.lb_chart_template_standard,FALSE
lb_61522,مخزون آخر المدة للقطاع الصناعي أو كلفة البضاعة المستعملة,61522,expenses,l10n_lb.lb_chart_template_standard,FALSE
lb_61523,كلفة اشغال,61523,expenses,l10n_lb.lb_chart_template_standard,FALSE
lb_61524,كلفة أداء الخدمات,61524,expenses,l10n_lb.lb_chart_template_standard,FALSE
lb_62,أعباء خارجية أخرى,62,expenses,l10n_lb.lb_chart_template_standard,FALSE
lb_621,مشتريات من ملتزمين ثانويين,621,expenses,l10n_lb.lb_chart_template_standard,FALSE
lb_62110,ملتزم ثانوي أ,62110,expenses,l10n_lb.lb_chart_template_standard,FALSE
lb_62120,ملتزم ثانوي ب,62120,expenses,l10n_lb.lb_chart_template_standard,FALSE
lb_62190,حسومات مكتسبة على مشتريات من ملتزمين ثانويين,62190,expenses,l10n_lb.lb_chart_template_standard,FALSE
lb_625,الأتاوى,625,expenses,l10n_lb.lb_chart_template_standard,FALSE
lb_62510,إيجار - قرض أموال منقولة,62510,expenses,l10n_lb.lb_chart_template_standard,FALSE
lb_62520,إيجار - قرض أموال غير منقولة,62520,expenses,l10n_lb.lb_chart_template_standard,FALSE
lb_62530,حقوق الإمتياز,62530,expenses,l10n_lb.lb_chart_template_standard,FALSE
lb_62540,براءات,62540,expenses,l10n_lb.lb_chart_template_standard,FALSE
lb_62550,إجازات,62550,expenses,l10n_lb.lb_chart_template_standard,FALSE
lb_62560,علامات,62560,expenses,l10n_lb.lb_chart_template_standard,FALSE
lb_62570,أساليب,62570,expenses,l10n_lb.lb_chart_template_standard,FALSE
lb_62580,حقوق وقيم مماثلة,62580,expenses,l10n_lb.lb_chart_template_standard,FALSE
lb_626,الخدمات الخارجة,626,expenses,l10n_lb.lb_chart_template_standard,FALSE
lb_62611,نفقات نقل للموجودات,62611,expenses,l10n_lb.lb_chart_template_standard,FALSE
lb_62612,نفقات النقل المشترك للمستخدمين,62612,expenses,l10n_lb.lb_chart_template_standard,FALSE
lb_62615,نفقات البريد والإتصالات السلكية واللاسلكية,62615,expenses,l10n_lb.lb_chart_template_standard,FALSE
lb_62620,الصيانة والتصليحات,62620,expenses,l10n_lb.lb_chart_template_standard,FALSE
lb_62631,الإيجارات,62631,expenses,l10n_lb.lb_chart_template_standard,FALSE
lb_62632,أعباء تأجيرية أخرى,62632,expenses,l10n_lb.lb_chart_template_standard,FALSE
lb_62641,تشريفات,62641,expenses,l10n_lb.lb_chart_template_standard,FALSE
lb_62642,نقل وإنتقال,62642,expenses,l10n_lb.lb_chart_template_standard,FALSE
lb_62644,مصارف التمثيل القانونية,62644,expenses,l10n_lb.lb_chart_template_standard,FALSE
lb_62644001,أعضاء مجلس إدارة,62644001,expenses,l10n_lb.lb_chart_template_standard,FALSE
lb_62644002,موظفون ومدراء,62644002,expenses,l10n_lb.lb_chart_template_standard,FALSE
lb_62645,مصارف تمثيل إضافية,62645,expenses,l10n_lb.lb_chart_template_standard,FALSE
lb_62645001,أعضاء مجلس الادارة,62645001,expenses,l10n_lb.lb_chart_template_standard,FALSE
lb_62645002,موظفون ومدراء,62645002,expenses,l10n_lb.lb_chart_template_standard,FALSE
lb_62649,مختلف,62649,expenses,l10n_lb.lb_chart_template_standard,FALSE
lb_62649001,ملابس الموظفين,62649001,expenses,l10n_lb.lb_chart_template_standard,FALSE
lb_62651,المستخدمون المؤقتون,62651,expenses,l10n_lb.lb_chart_template_standard,FALSE
lb_62652,أجور الوسطاء (عملاوت مدفوعة),62652,expenses,l10n_lb.lb_chart_template_standard,FALSE
lb_62653,بدلات أتعاب غير خاضعة للضريبة,62653,expenses,l10n_lb.lb_chart_template_standard,FALSE
lb_62654,بدلات أتعاب خاضعة للضريبة كأشغال,62654,expenses,l10n_lb.lb_chart_template_standard,FALSE
lb_62655,بدلات أتعاب خاضعة للضريبة كخدمات,62655,expenses,l10n_lb.lb_chart_template_standard,FALSE
lb_62656,أجور مقطوعة,62656,expenses,l10n_lb.lb_chart_template_standard,FALSE
lb_62662,التوثيق,62662,expenses,l10n_lb.lb_chart_template_standard,FALSE
lb_62670,الدراسات والبحوث,62670,expenses,l10n_lb.lb_chart_template_standard,FALSE
lb_62680,أقساط التأمين,62680,expenses,l10n_lb.lb_chart_template_standard,FALSE
lb_62691,خدمات صحية,62691,expenses,l10n_lb.lb_chart_template_standard,FALSE
lb_62692,خدمات مالية ( مصاريف على سندات وأوراق مالية),62692,expenses,l10n_lb.lb_chart_template_standard,FALSE
lb_62693,دعاية وإعلان,62693,expenses,l10n_lb.lb_chart_template_standard,FALSE
lb_62698,نفقات صاحب المؤسسة,62698,expenses,l10n_lb.lb_chart_template_standard,FALSE
lb_62699,نفقات اخرى,62699,expenses,l10n_lb.lb_chart_template_standard,FALSE
lb_63,أعباء المستخدمين,63,expenses,l10n_lb.lb_chart_template_standard,FALSE
lb_631,رواتب وأجور المستخدمين,631,expenses,l10n_lb.lb_chart_template_standard,FALSE
lb_63110,الرواتب,63110,expenses,l10n_lb.lb_chart_template_standard,FALSE
lb_63120,الأجور,63120,expenses,l10n_lb.lb_chart_template_standard,FALSE
lb_63130,حصة المضمون من المرض و الامومة,63130,expenses,l10n_lb.lb_chart_template_standard,FALSE
lb_63131,حسومات من الراتب الاساسي,63131,expenses,l10n_lb.lb_chart_template_standard,FALSE
lb_63140,العمولات الثابتة,63140,expenses,l10n_lb.lb_chart_template_standard,FALSE
lb_63150,فرص مدفوعة,63150,expenses,l10n_lb.lb_chart_template_standard,FALSE
lb_63160,البدلات المدفوعة للمديرين الذين يتمتعون بأغلبية في ملكة الم,63160,expenses,l10n_lb.lb_chart_template_standard,FALSE
lb_63161,رواتب الشركاء,63161,expenses,l10n_lb.lb_chart_template_standard,FALSE
lb_63170,البدلات المدفوعة لأعضاء مجلس الإدارة,63170,expenses,l10n_lb.lb_chart_template_standard,FALSE
lb_63171,البدلات المدفوعة لصاحب المؤسسة,63171,expenses,l10n_lb.lb_chart_template_standard,FALSE
lb_63180,ساعات إضافية,63180,expenses,l10n_lb.lb_chart_template_standard,FALSE
lb_635,أعباء إجتماعة ( ضمان اجتماعي ...),635,expenses,l10n_lb.lb_chart_template_standard,FALSE
lb_63510,أعباء ضمان إجتماعي,63510,expenses,l10n_lb.lb_chart_template_standard,FALSE
lb_63521,تنقلات أعضاء مجلس الإدارة,63521,expenses,l10n_lb.lb_chart_template_standard,FALSE
lb_63522,تنقلات الموظفين,63522,expenses,l10n_lb.lb_chart_template_standard,FALSE
lb_63523,تنقلات رب العمل,63523,expenses,l10n_lb.lb_chart_template_standard,FALSE
lb_63524,تنقلات الشركاء,63524,expenses,l10n_lb.lb_chart_template_standard,FALSE
lb_63525,بدل سيارة,63525,expenses,l10n_lb.lb_chart_template_standard,FALSE
lb_63530,أعباء أقساط مدرسية,63530,expenses,l10n_lb.lb_chart_template_standard,FALSE
lb_63531,منح إختصاص,63531,expenses,l10n_lb.lb_chart_template_standard,FALSE
lb_63532,إعداد وتدريب,63532,expenses,l10n_lb.lb_chart_template_standard,FALSE
lb_63540,أعباء أقساط تأمين مستخدمين,63540,expenses,l10n_lb.lb_chart_template_standard,FALSE
lb_63541,تأمين المدراء,63541,expenses,l10n_lb.lb_chart_template_standard,FALSE
lb_63542,تأمين الشركاء,63542,expenses,l10n_lb.lb_chart_template_standard,FALSE
lb_63543,تأمين أعضاء مجلس الإدارة,63543,expenses,l10n_lb.lb_chart_template_standard,FALSE
lb_63544,تأمين رب العمل,63544,expenses,l10n_lb.lb_chart_template_standard,FALSE
lb_63550,تعويض نھاية خدمة إضافي,63550,expenses,l10n_lb.lb_chart_template_standard,FALSE
lb_63590,تعويضات سكن,63590,expenses,l10n_lb.lb_chart_template_standard,FALSE
lb_63591,تعويضات طعام,63591,expenses,l10n_lb.lb_chart_template_standard,FALSE
lb_63592,تعويضات ملبس,63592,expenses,l10n_lb.lb_chart_template_standard,FALSE
lb_63593,تعويضات أمانة صندوق,63593,expenses,l10n_lb.lb_chart_template_standard,FALSE
lb_63594,منح زواج,63594,expenses,l10n_lb.lb_chart_template_standard,FALSE
lb_63595,منح ولادة,63595,expenses,l10n_lb.lb_chart_template_standard,FALSE
lb_63596,مساعدات مرضية,63596,expenses,l10n_lb.lb_chart_template_standard,FALSE
lb_63597,مساعدات وفاة,63597,expenses,l10n_lb.lb_chart_template_standard,FALSE
lb_63598,تقديمات أو منح أخرى غير جائز تنزيلھا ضريبيا,63598,expenses,l10n_lb.lb_chart_template_standard,FALSE
lb_63599,تقدمات أو منح أخرى جائز تنزليھا ضريبيا,63599,expenses,l10n_lb.lb_chart_template_standard,FALSE
lb_64,ضرائب ورسوم ومدفوعات مماثلة,64,expenses,l10n_lb.lb_chart_template_standard,FALSE
lb_641,على الرواتب والاجور وبدلات الاتعاب,641,expenses,l10n_lb.lb_chart_template_standard,FALSE
lb_64110,ضريبة الأجور والرواتب,64110,expenses,l10n_lb.lb_chart_template_standard,FALSE
lb_64120,ضريبة غير مقيمين مواد 41/42,64120,expenses,l10n_lb.lb_chart_template_standard,FALSE
lb_64130,ضريبة الأجور المقطوعة,64130,expenses,l10n_lb.lb_chart_template_standard,FALSE
lb_642,ضرائب ورسوم للبلديات,642,expenses,l10n_lb.lb_chart_template_standard,FALSE
lb_643,ضرائب على المبعيات غير قابلة للإسترداد,643,expenses,l10n_lb.lb_chart_template_standard,FALSE
lb_644,رسوم تسجيل,644,expenses,l10n_lb.lb_chart_template_standard,FALSE
lb_645,ضرائب ورسوم ومدفوعات مماثلة أخرى,645,expenses,l10n_lb.lb_chart_template_standard,FALSE
lb_64510,ضريبة مقطوعة,64510,expenses,l10n_lb.lb_chart_template_standard,FALSE
lb_64520,ضريبة إرادات رؤوس الأموال المنقولة,64520,expenses,l10n_lb.lb_chart_template_standard,FALSE
lb_64521,ضريبة على مخصصات مجلس الإدارة,64521,expenses,l10n_lb.lb_chart_template_standard,FALSE
lb_64522,ضريبة على بدلات حضور المساھمين بالجمعيات العمومية ومجلس الإدارة,64522,expenses,l10n_lb.lb_chart_template_standard,FALSE
lb_64523,ضريبة على الفوائد المقبوضة,64523,expenses,l10n_lb.lb_chart_template_standard,FALSE
lb_64524,ضريبة 5% على الفوائد المحسومة,64524,expenses,l10n_lb.lb_chart_template_standard,FALSE
lb_64531,ضريبة املاك المثبتة للبناء المؤجر,64531,expenses,l10n_lb.lb_chart_template_standard,FALSE
lb_64532,ضريبة املاك المثبتة للبناء غير المؤجر,64532,expenses,l10n_lb.lb_chart_template_standard,FALSE
lb_65,مخصصات الإستھلاكات والمؤونات للإستثمار,65,expenses,l10n_lb.lb_chart_template_standard,FALSE
lb_651,مخصصات الإستھلاكات,651,expenses,l10n_lb.lb_chart_template_standard,FALSE
lb_65110,أصول ثابتة غير مادية,65110,expenses,l10n_lb.lb_chart_template_standard,FALSE
lb_65120,أصول ثابتة مادية,65120,expenses,l10n_lb.lb_chart_template_standard,FALSE
lb_65150,أعباء للتوزيع على عدة دورات,65150,expenses,l10n_lb.lb_chart_template_standard,FALSE
lb_655,مخصصات المؤونات,655,expenses,l10n_lb.lb_chart_template_standard,FALSE
lb_65510,مؤونات ھبوط أسعار الأصول الثابتة غير المادية,65510,expenses,l10n_lb.lb_chart_template_standard,FALSE
lb_65520,مؤونات ھبوط أسعار الأصول الثابتة المادية,65520,expenses,l10n_lb.lb_chart_template_standard,FALSE
lb_65530,مؤونات ھبوط أسعار المخزون وقيد الصنع,65530,expenses,l10n_lb.lb_chart_template_standard,FALSE
lb_65540,مؤونات ھبوط قيم الذمم المدينة,65540,expenses,l10n_lb.lb_chart_template_standard,FALSE
lb_65551,مؤونة لمواجھة خسائر ديون عند إعلان إفلاس,65551,expenses,l10n_lb.lb_chart_template_standard,FALSE
lb_65552,مؤونة لدفع تعويض نھاية صرف من الخدمة,65552,expenses,l10n_lb.lb_chart_template_standard,FALSE
lb_65553,مؤونة لدفع معاشات التقاعد,65553,expenses,l10n_lb.lb_chart_template_standard,FALSE
lb_65554,مؤونة لتعويضات طوارئ العمل,65554,expenses,l10n_lb.lb_chart_template_standard,FALSE
lb_65590,مخصصات مؤونات لمواجھة الأعباء,65590,expenses,l10n_lb.lb_chart_template_standard,FALSE
lb_66,أعباء إدارية عادية أخرى,66,expenses,l10n_lb.lb_chart_template_standard,FALSE
lb_661,أعباء إدارية أخرى,661,expenses,l10n_lb.lb_chart_template_standard,FALSE
lb_66111,بدت حضور أعضاء مجلس إدارة,66111,expenses,l10n_lb.lb_chart_template_standard,FALSE
lb_66112,مخصصات مجلس إدارة,66112,expenses,l10n_lb.lb_chart_template_standard,FALSE
lb_66113,بدلات حضور المساھمين للجمعايت ومجلس الإدارة,66113,expenses,l10n_lb.lb_chart_template_standard,FALSE
lb_66120,خسارة على ذمم الإستثمار المدينة التي ثبت ھلاكھا,66120,expenses,l10n_lb.lb_chart_template_standard,FALSE
lb_66190,خسائر عن بضائع أتلفت,66190,expenses,l10n_lb.lb_chart_template_standard,FALSE
lb_665,حصة المؤسسة من الخسائر على عمليات مشتركة,665,expenses,l10n_lb.lb_chart_template_standard,FALSE
lb_66510,حصة المؤسسة من الخسائر على عمليات مشتركة داخل لبنان,66510,expenses,l10n_lb.lb_chart_template_standard,FALSE
lb_66520,حصة المؤسسة من الخسائر على عمليات مشتركة خارج لبنان,66520,expenses,l10n_lb.lb_chart_template_standard,FALSE
lb_666,فروقات تغيير في السياسات المحاسبية,666,expenses,l10n_lb.lb_chart_template_standard,FALSE
lb_67,الأعباء المالية,67,expenses,l10n_lb.lb_chart_template_standard,FALSE
lb_673,فوائد وأعباء مشابھة,673,expenses,l10n_lb.lb_chart_template_standard,FALSE
lb_67310,فوائد على الذمم الدائنة والقروض,67310,expenses,l10n_lb.lb_chart_template_standard,FALSE
lb_67330,فوائد السندات المربوطة بكفالات,67330,expenses,l10n_lb.lb_chart_template_standard,FALSE
lb_67341,فوائد مدفوعة للشركاء وصاحب المؤسسة,67341,expenses,l10n_lb.lb_chart_template_standard,FALSE
lb_67341001,فوائد قانونية على الذمم الدائنة والودائع للشركاء,67341001,expenses,l10n_lb.lb_chart_template_standard,FALSE
lb_67341002,فوائد إضافية على الذمم الدائنة والودائع للشركاء,67341002,expenses,l10n_lb.lb_chart_template_standard,FALSE
lb_67342,فوائد مدفوعة لمؤسسات,67342,expenses,l10n_lb.lb_chart_template_standard,FALSE
lb_67342001,فوائد قانونة على الذمم الدائنة والودائع للمؤسسات,67342001,expenses,l10n_lb.lb_chart_template_standard,FALSE
lb_67342002,فوائد إضافية على الذمم الدائنة والودائع للمؤسسات,67342002,expenses,l10n_lb.lb_chart_template_standard,FALSE
lb_67343,فوائد مدفوعة لأشخاص,67343,expenses,l10n_lb.lb_chart_template_standard,FALSE
lb_67343001,فوائد قانونية على الذمم الدائنة والودائع للأشخاص,67343001,expenses,l10n_lb.lb_chart_template_standard,FALSE
lb_67343002,فوائد إضافية على الذمم الدائنة للأشخاص,67343002,expenses,l10n_lb.lb_chart_template_standard,FALSE
lb_67344,فروقات تدوير الكسر,67344,expenses,l10n_lb.lb_chart_template_standard,FALSE
lb_67350,الخصم الممنوح من المؤسسة,67350,expenses,l10n_lb.lb_chart_template_standard,FALSE
lb_67360,فوائد مصرفية وفوائد على عملات التمويل,67360,expenses,l10n_lb.lb_chart_template_standard,FALSE
lb_67370,فوائد مدفوعة لمقرضين,67370,expenses,l10n_lb.lb_chart_template_standard,FALSE
lb_67380,مصارف وأعباء مصرفية,67380,expenses,l10n_lb.lb_chart_template_standard,FALSE
lb_67381,طوابع على العقود المالية,67381,expenses,l10n_lb.lb_chart_template_standard,FALSE
lb_675,فروقات صرف سلبية,675,expenses,l10n_lb.lb_chart_template_standard,FALSE
lb_67510,فروقات على عمليات عادية,6751000001,expenses,l10n_lb.lb_chart_template_standard,FALSE
lb_67520,فروقات على عمليات رأسمالية,67520,expenses,l10n_lb.lb_chart_template_standard,FALSE
lb_676,أعباء صافية على عمليات التفرغ عن سندات توظيف,676,expenses,l10n_lb.lb_chart_template_standard,FALSE
lb_679,مخصصات الإستھلاكات والمؤونات المالية,679,expenses,l10n_lb.lb_chart_template_standard,FALSE
lb_67910,إستھلاك علاوات التسديد,67910,expenses,l10n_lb.lb_chart_template_standard,FALSE
lb_67920,مؤونات ھبوط أسعار الأصول الثابتة المالية,67920,expenses,l10n_lb.lb_chart_template_standard,FALSE
lb_67940,مؤونات ھبوط أسعار سندات التوظيف,67940,expenses,l10n_lb.lb_chart_template_standard,FALSE
lb_67950,مؤونات لمواجھة المخاطر والأعباء المالية,67950,expenses,l10n_lb.lb_chart_template_standard,FALSE
lb_68,أعباء خارج الإستثمار,68,expenses,l10n_lb.lb_chart_template_standard,FALSE
lb_681,القيمة الدفترية للأصول الثابتة المتفرغ عنھا,681,expenses,l10n_lb.lb_chart_template_standard,FALSE
lb_68110,أصول ثابتة غير مادية,68110,expenses,l10n_lb.lb_chart_template_standard,FALSE
lb_68120,أصول ثابتة مادية,68120,expenses,l10n_lb.lb_chart_template_standard,FALSE
lb_68150,أصول ثابتة مالية,68150,expenses,l10n_lb.lb_chart_template_standard,FALSE
lb_685,أعباء أخرى خارج استثمار,685,expenses,l10n_lb.lb_chart_template_standard,FALSE
lb_68510,ھدايا,68510,expenses,l10n_lb.lb_chart_template_standard,FALSE
lb_68511,ھبات للمؤسسات والأفراد,68511,expenses,l10n_lb.lb_chart_template_standard,FALSE
lb_68512,إعانات للمؤسسات والأفراد,68512,expenses,l10n_lb.lb_chart_template_standard,FALSE
lb_68513,غرامات ضريبية وجزائية,68513,expenses,l10n_lb.lb_chart_template_standard,FALSE
lb_68514,غرامات على صفقات,68514,expenses,l10n_lb.lb_chart_template_standard,FALSE
lb_68515,ذمم مدينة أصبحت ھالكة,68515,expenses,l10n_lb.lb_chart_template_standard,FALSE
lb_68516,عمليات إدارة أخرى,68516,expenses,l10n_lb.lb_chart_template_standard,FALSE
lb_68517,ھبات وإعانات للوزارات والمؤسسات العامة,68517,expenses,l10n_lb.lb_chart_template_standard,FALSE
lb_68518,ھبات وإعانات للمؤسسات ذات المنفعة العامة,68518,expenses,l10n_lb.lb_chart_template_standard,FALSE
lb_68550,أعباء على عملات رأسمالية,68550,expenses,l10n_lb.lb_chart_template_standard,FALSE
lb_68551,أعباء ناتجة عن موجب تطبيق مؤشر أسعار,68551,expenses,l10n_lb.lb_chart_template_standard,FALSE
lb_68552,جوائز تسديد,68552,expenses,l10n_lb.lb_chart_template_standard,FALSE
lb_68553,أعباء ناتجة عن إسترداد المؤسسة لأسھم وسندات صادرة عنھا,68553,expenses,l10n_lb.lb_chart_template_standard,FALSE
lb_686,خسائر أحداث استثنائية,686,expenses,l10n_lb.lb_chart_template_standard,FALSE
lb_689,مخصصات الإستھلاكات والمؤونات خارج الإستثمار,689,expenses,l10n_lb.lb_chart_template_standard,FALSE
lb_68910,إستھلاك استثنائي على أصول ثابتة,68910,expenses,l10n_lb.lb_chart_template_standard,FALSE
lb_68920,مؤونات ھبوط أسعار إستثنائي (غير جائز تنزيله ضريبياً),68920,expenses,l10n_lb.lb_chart_template_standard,FALSE
lb_68921,مؤونات ھبوط أسعار إستثنائي ( جائز تنزله ضريبياً),68921,expenses,l10n_lb.lb_chart_template_standard,FALSE
lb_68930,تعديلات على احتياطي استھلاك,68930,expenses,l10n_lb.lb_chart_template_standard,FALSE
lb_68950,مؤونات لمواجھة مخاطر وأعباء خارج الإستثمار,68950,expenses,l10n_lb.lb_chart_template_standard,FALSE
lb_69,الضرائب على الأرباح,69,expenses,l10n_lb.lb_chart_template_standard,FALSE
lb_693,الضريبة على المبيعات غير قابلة للإسترداد,693,expenses,l10n_lb.lb_chart_template_standard,FALSE
lb_69311,الضريبة على المبيعات غير قابلة للإسترداد,69311,expenses,l10n_lb.lb_chart_template_standard,FALSE
lb_694,ضريبة على ربح التحسين,694,expenses,l10n_lb.lb_chart_template_standard,FALSE
lb_70,مبعيات البضاعة,70,income,l10n_lb.lb_chart_template_standard,FALSE
lb_701,فواتير,701,income,l10n_lb.lb_chart_template_standard,FALSE
lb_70121,فواتير مبيعات,7012100001,income,l10n_lb.lb_chart_template_standard,FALSE
lb_70171,حفلات,70171,income,l10n_lb.lb_chart_template_standard,FALSE
lb_70181,مطعم,70181,income,l10n_lb.lb_chart_template_standard,FALSE
lb_70191,مقھى,70191,income,l10n_lb.lb_chart_template_standard,FALSE
lb_709,حسومات ممنوحة,709,income,l10n_lb.lb_chart_template_standard,FALSE
lb_71,المنتجات المباعة,71,income,l10n_lb.lb_chart_template_standard,FALSE
lb_711,مبيعات,711,income,l10n_lb.lb_chart_template_standard,FALSE
lb_71111,مبيعات للمنتجات التامة الصنع,71111,income,l10n_lb.lb_chart_template_standard,FALSE
lb_71121,مبيعات للمنتجات الوسيطة,71121,income,l10n_lb.lb_chart_template_standard,FALSE
lb_71131,مبيعات لفضلات الإنتاج,71131,income,l10n_lb.lb_chart_template_standard,FALSE
lb_712,أشغال,712,income,l10n_lb.lb_chart_template_standard,FALSE
lb_71210,صيانة,71210,income,l10n_lb.lb_chart_template_standard,FALSE
lb_713,خدمات,713,income,l10n_lb.lb_chart_template_standard,FALSE
lb_71319,خدمات,71319,income,l10n_lb.lb_chart_template_standard,FALSE
lb_71319001,إراد إقامة,71319001,income,l10n_lb.lb_chart_template_standard,FALSE
lb_71319002,إراد مطعم,71319002,income,l10n_lb.lb_chart_template_standard,FALSE
lb_71319003,إراد مقھى,71319003,income,l10n_lb.lb_chart_template_standard,FALSE
lb_71319004,حفلات ومناسبات,71319004,income,l10n_lb.lb_chart_template_standard,FALSE
lb_71319009,مختلف,71319009,income,l10n_lb.lb_chart_template_standard,FALSE
lb_71320,دراسات,71320,income,l10n_lb.lb_chart_template_standard,FALSE
lb_71391,إقامة,71391,income,l10n_lb.lb_chart_template_standard,FALSE
lb_71396,مناسبات,71396,income,l10n_lb.lb_chart_template_standard,FALSE
lb_71398,مختلف,71398,income,l10n_lb.lb_chart_template_standard,FALSE
lb_71399,مختلف,71399,income,l10n_lb.lb_chart_template_standard,FALSE
lb_717,إيرادات النشاطات الفرعية,717,income,l10n_lb.lb_chart_template_standard,FALSE
lb_718,إيرادات تأجيرية,718,income,l10n_lb.lb_chart_template_standard,FALSE
lb_719,حسومات ممنوحة,719,income,l10n_lb.lb_chart_template_standard,FALSE
lb_71911,حسومات على مبيعات,71911,income,l10n_lb.lb_chart_template_standard,FALSE
lb_71921,على بيع الأشغال,71921,income,l10n_lb.lb_chart_template_standard,FALSE
lb_71931,على بيع الخدمات,71931,income,l10n_lb.lb_chart_template_standard,FALSE
lb_71970,على بيع نشاطات فرعية,71970,income,l10n_lb.lb_chart_template_standard,FALSE
lb_72,انتاج المخزون ( قيمة التغيير),72,income,l10n_lb.lb_chart_template_standard,FALSE
lb_721,قيد الصنع ( أموال),721,income,l10n_lb.lb_chart_template_standard,FALSE
lb_72110,منتجات قيد الصنع,72110,income,l10n_lb.lb_chart_template_standard,FALSE
lb_72120,أشغال قيد التنفيذ,72120,income,l10n_lb.lb_chart_template_standard,FALSE
lb_722,قيد الصنع ( خدمات),722,income,l10n_lb.lb_chart_template_standard,FALSE
lb_72250,دراسات قيد الإعداد,72250,income,l10n_lb.lb_chart_template_standard,FALSE
lb_72260,خدمات قيد التنفيذ,72260,income,l10n_lb.lb_chart_template_standard,FALSE
lb_725,منتجات,725,income,l10n_lb.lb_chart_template_standard,FALSE
lb_72510,منتجات وسيطة,72510,income,l10n_lb.lb_chart_template_standard,FALSE
lb_72550,منتجات تامة الصنع,72550,income,l10n_lb.lb_chart_template_standard,FALSE
lb_72580,فضلات الإنتاج,72580,income,l10n_lb.lb_chart_template_standard,FALSE
lb_73,منتجات لھا طابع الأصول الثابتة,73,income,l10n_lb.lb_chart_template_standard,FALSE
lb_731,أصول ثابتة غير مادية,731,income,l10n_lb.lb_chart_template_standard,FALSE
lb_732,أصول ثابتة مادية,732,income,l10n_lb.lb_chart_template_standard,FALSE
lb_74,إعانات للإستثمار,74,income,l10n_lb.lb_chart_template_standard,FALSE
lb_741,للبضائع,741,income,l10n_lb.lb_chart_template_standard,FALSE
lb_742,للإنتاج,742,income,l10n_lb.lb_chart_template_standard,FALSE
lb_75,إستردادات من المؤونات - للإستثمار,75,income,l10n_lb.lb_chart_template_standard,FALSE
lb_752,إستردادات من مؤونات ھبوط أسعار الأصول الثابتة,752,income,l10n_lb.lb_chart_template_standard,FALSE
lb_753,إستردادات من مؤونات ھبوط أسعار الأصول المتداولة,753,income,l10n_lb.lb_chart_template_standard,FALSE
lb_76,إيرادات أخرى ناتجة عن استثمار,76,income,l10n_lb.lb_chart_template_standard,FALSE
lb_761,إيرادات عادية أخرى,761,income,l10n_lb.lb_chart_template_standard,FALSE
lb_76110,"أتاوى الإمتيازات،البراءات،الإجازات،العلامات والقيم المماثلة",76110,income,l10n_lb.lb_chart_template_standard,FALSE
lb_76120,إيرادات الأبنية غير المخصصة للنشاط المھني,76120,income,l10n_lb.lb_chart_template_standard,FALSE
lb_76130,"بدلات حضور وتعويضات أعضاء مجلس الإدارة، للمديرين",76130,income,l10n_lb.lb_chart_template_standard,FALSE
lb_76190,أعباء إستثمار محولة الى حسابات أخرى,76190,income,l10n_lb.lb_chart_template_standard,FALSE
lb_76191,فروقات جرد ناتجة عن الجرد الفعلي,76191,income,l10n_lb.lb_chart_template_standard,FALSE
lb_765,حصص أرباح العملات المشتركة,765,income,l10n_lb.lb_chart_template_standard,FALSE
lb_76510,حصص الأعباء الصافية التي جرى تحويلھا ( محاسبة المؤسسة التي),76510,income,l10n_lb.lb_chart_template_standard,FALSE
lb_76550,حصص الإيرادات الصافية المقررة (محاسبة المؤسسة التي لم تتولى),76550,income,l10n_lb.lb_chart_template_standard,FALSE
lb_76551,إيرادات مقررة من عمليات مشتركة داخل لبنان,76551,income,l10n_lb.lb_chart_template_standard,FALSE
lb_76552,إيرادات مقررة من عمليات مشتركة خارج لبنان,76552,income,l10n_lb.lb_chart_template_standard,FALSE
lb_77,ايرادات المالية,77,income,l10n_lb.lb_chart_template_standard,FALSE
lb_771,إيرادات سندات المشاركة,771,income,l10n_lb.lb_chart_template_standard,FALSE
lb_77110,عائدات سندات المشاركة,77110,income,l10n_lb.lb_chart_template_standard,FALSE
lb_77160,عائدات المشاركات اخرى,77160,income,l10n_lb.lb_chart_template_standard,FALSE
lb_77170,عائدات الذمم المدينة المرتبطة بمشاركات,77170,income,l10n_lb.lb_chart_template_standard,FALSE
lb_772,إيرادات القيم المنقولة الأخرى,772,income,l10n_lb.lb_chart_template_standard,FALSE
lb_77210,عائدات سندات التوظيف,77210,income,l10n_lb.lb_chart_template_standard,FALSE
lb_77230,عائدات السندات المجمدة,77230,income,l10n_lb.lb_chart_template_standard,FALSE
lb_77250,عائدات الذمم المدينة المجمدة,77250,income,l10n_lb.lb_chart_template_standard,FALSE
lb_77260,عائدات الذمم المدينة التجارية,77260,income,l10n_lb.lb_chart_template_standard,FALSE
lb_77270,عائدات الذمم المدينة المختلفة,77270,income,l10n_lb.lb_chart_template_standard,FALSE
lb_77290,عائدات شركات التأمين (كتعويضات),77290,income,l10n_lb.lb_chart_template_standard,FALSE
lb_773,فوائد وايرادات مشابھة,773,income,l10n_lb.lb_chart_template_standard,FALSE
lb_77310,عائدات القروض الممنوحة,77310,income,l10n_lb.lb_chart_template_standard,FALSE
lb_77320,عائدات القروض الممنوحة على حسابات جارية أو مجمدة,77320,income,l10n_lb.lb_chart_template_standard,FALSE
lb_77330,الخصم الممنوح للمؤسسة,77330,income,l10n_lb.lb_chart_template_standard,FALSE
lb_77344,تدوير كسر الألف,77344,income,l10n_lb.lb_chart_template_standard,FALSE
lb_775,فروقات صرف إجابية,775,income,l10n_lb.lb_chart_template_standard,FALSE
lb_77510,على عمليات جارية,7751000001,income,l10n_lb.lb_chart_template_standard,FALSE
lb_77550,على عمليات رأسمالية,77550,income,l10n_lb.lb_chart_template_standard,FALSE
lb_778,إيرادات مالية أخرى,778,income,l10n_lb.lb_chart_template_standard,FALSE
lb_77810,إيرادات صافية على بيع سندات توظيف,77810,income,l10n_lb.lb_chart_template_standard,FALSE
lb_77890,أعباء مالية محولة الى حسابات أخرى,77890,income,l10n_lb.lb_chart_template_standard,FALSE
lb_779,إستردادات من المؤونات المالية,779,income,l10n_lb.lb_chart_template_standard,FALSE
lb_77930,إستردادات من مؤونات ھبوط اسعار,77930,income,l10n_lb.lb_chart_template_standard,FALSE
lb_77950,إستردادات من مؤونات المخاطر,77950,income,l10n_lb.lb_chart_template_standard,FALSE
lb_77951,إستردادات من مؤونات اعباء,77951,income,l10n_lb.lb_chart_template_standard,FALSE
lb_78,إيرادات خارج استثمار,78,income,l10n_lb.lb_chart_template_standard,FALSE
lb_781,إيرادات التفرغ عن أصول ثابتة,781,income,l10n_lb.lb_chart_template_standard,FALSE
lb_78110,أصول ثابتة غير مادية,78110,income,l10n_lb.lb_chart_template_standard,FALSE
lb_78120,أصول ثابتة مادية,78120,income,l10n_lb.lb_chart_template_standard,FALSE
lb_78150,أصول ثابتة مالية,78150,income,l10n_lb.lb_chart_template_standard,FALSE
lb_782,إعانات للتوظيفات محولة الى نتيجة الدورة,782,income,l10n_lb.lb_chart_template_standard,FALSE
lb_786,إيرادات أحداث استثنائية,786,income,l10n_lb.lb_chart_template_standard,FALSE
lb_788,إرادات أخرى خارج استثمار,788,income,l10n_lb.lb_chart_template_standard,FALSE
lb_78810,إرادات إستثنائية على عمليات عادية,78810,income,l10n_lb.lb_chart_template_standard,FALSE
lb_78881,ربح تحسين على أصول ثابتة مخصص طفاء الخسائر,78881,income,l10n_lb.lb_chart_template_standard,FALSE
lb_78882,ربح تحسين على أصول ثابتة غير مخصص لإطفاء الخسائر,78882,income,l10n_lb.lb_chart_template_standard,FALSE
lb_78890,أعباء إستثنائية محولة الى حسابات أخرى,78890,income,l10n_lb.lb_chart_template_standard,FALSE
lb_789,إستردادات من مؤونات خارج الإستثمار,789,income,l10n_lb.lb_chart_template_standard,FALSE
lb_78910,إستردادات من مؤونات ھبوط الأسعار,78910,income,l10n_lb.lb_chart_template_standard,FALSE
lb_78950,إستردادات من مؤونات المخاطر,78950,income,l10n_lb.lb_chart_template_standard,FALSE
lb_78951,إستردادات من مؤونات الأعباء,78951,income,l10n_lb.lb_chart_template_standard,FALSE
